,win_ratio,mean,count
opentop0-opentop1-notyz0-notyz1-top0-top1-minute-volume,0.666666666667,1.02002566695,18
opentop0-opentop1-notyz0-notyz1-top0-speedup2-minute-volume,0.727272727273,1.02622541447,11
opentop0-opentop1-notyz1-yz0-top0-top1-jump1-jump2,0.736842105263,1.02263584318,38
opentop0-opentop1-notyz1-yz0-top0-top1-jump1-foot2,0.764705882353,1.0215107312,17
opentop0-opentop1-notyz1-yz0-top0-top1-jump1-speedup2,0.8,1.02223045638,10
opentop0-opentop1-notyz1-yz0-top0-top1-jump1-minute,0.714285714286,1.02154254236,84
opentop0-opentop1-notyz1-yz0-top0-top1-jump1-volume,0.714285714286,1.02957000343,21
opentop0-opentop1-notyz1-yz0-top0-top1-jump2-minute,0.756756756757,1.02133118067,37
opentop0-opentop1-notyz1-yz0-top0-top1-jump2-volume,0.666666666667,1.03293114962,12
opentop0-opentop1-notyz1-yz0-top0-top1-foot0-volume,0.68,1.0209692232,25
opentop0-opentop1-notyz1-yz0-top0-top1-foot2-volume,0.846153846154,1.03733521255,13
opentop0-opentop1-notyz1-yz0-top0-top1-speedup2-volume,0.9,1.03442235001,10
opentop0-opentop1-notyz1-yz0-top0-top1-minute-volume,0.708333333333,1.02265993429,24
opentop0-opentop1-notyz1-yz0-top0-jump1-jump2-foot0,0.736842105263,1.02263584318,38
opentop0-opentop1-notyz1-yz0-top0-jump1-jump2-foot2,0.785714285714,1.02596275853,14
opentop0-opentop1-notyz1-yz0-top0-jump1-jump2-speedup2,0.8,1.02223045638,10
opentop0-opentop1-notyz1-yz0-top0-jump1-jump2-minute,0.777777777778,1.02616630632,36
opentop0-opentop1-notyz1-yz0-top0-jump1-jump2-volume,0.666666666667,1.03293114962,12
opentop0-opentop1-notyz1-yz0-top0-jump1-foot0-foot2,0.764705882353,1.0215107312,17
opentop0-opentop1-notyz1-yz0-top0-jump1-foot0-speedup2,0.8,1.02223045638,10
opentop0-opentop1-notyz1-yz0-top0-jump1-foot0-minute,0.714285714286,1.02154254236,84
opentop0-opentop1-notyz1-yz0-top0-jump1-foot0-volume,0.714285714286,1.02957000343,21
opentop0-opentop1-notyz1-yz0-top0-jump1-foot2-minute,0.8125,1.02795931857,16
opentop0-opentop1-notyz1-yz0-top0-jump1-foot2-volume,0.846153846154,1.03733521255,13
opentop0-opentop1-notyz1-yz0-top0-jump1-speedup2-minute,0.8,1.02223045638,10
opentop0-opentop1-notyz1-yz0-top0-jump1-minute-volume,0.714285714286,1.02957000343,21
opentop0-opentop1-notyz1-yz0-top0-jump2-foot0-minute,0.756756756757,1.02133118067,37
opentop0-opentop1-notyz1-yz0-top0-jump2-foot0-volume,0.666666666667,1.03293114962,12
opentop0-opentop1-notyz1-yz0-top0-jump2-foot2-volume,0.833333333333,1.03586077501,12
opentop0-opentop1-notyz1-yz0-top0-jump2-minute-volume,0.666666666667,1.03293114962,12
opentop0-opentop1-notyz1-yz0-top0-foot0-foot2-volume,0.846153846154,1.03733521255,13
opentop0-opentop1-notyz1-yz0-top0-foot0-speedup2-volume,0.9,1.03442235001,10
opentop0-opentop1-notyz1-yz0-top0-foot0-minute-volume,0.708333333333,1.02265993429,24
opentop0-opentop1-notyz1-yz0-top0-foot2-minute-volume,0.846153846154,1.03733521255,13
opentop0-opentop1-notyz1-yz0-top1-jump1-jump2-foot0,0.736842105263,1.02263584318,38
opentop0-opentop1-notyz1-yz0-top1-jump1-jump2-foot2,0.785714285714,1.02596275853,14
opentop0-opentop1-notyz1-yz0-top1-jump1-jump2-speedup2,0.8,1.02223045638,10
opentop0-opentop1-notyz1-yz0-top1-jump1-jump2-minute,0.777777777778,1.02616630632,36
opentop0-opentop1-notyz1-yz0-top1-jump1-jump2-volume,0.666666666667,1.03293114962,12
opentop0-opentop1-notyz1-yz0-top1-jump1-foot0-foot2,0.764705882353,1.0215107312,17
opentop0-opentop1-notyz1-yz0-top1-jump1-foot0-speedup2,0.8,1.02223045638,10
opentop0-opentop1-notyz1-yz0-top1-jump1-foot0-minute,0.714285714286,1.02154254236,84
opentop0-opentop1-notyz1-yz0-top1-jump1-foot0-volume,0.714285714286,1.02957000343,21
opentop0-opentop1-notyz1-yz0-top1-jump1-foot2-minute,0.8125,1.02795931857,16
opentop0-opentop1-notyz1-yz0-top1-jump1-foot2-volume,0.846153846154,1.03733521255,13
opentop0-opentop1-notyz1-yz0-top1-jump1-speedup2-minute,0.8,1.02223045638,10
opentop0-opentop1-notyz1-yz0-top1-jump1-minute-volume,0.714285714286,1.02957000343,21
opentop0-opentop1-notyz1-yz0-top1-jump2-foot0-minute,0.756756756757,1.02133118067,37
opentop0-opentop1-notyz1-yz0-top1-jump2-foot0-volume,0.666666666667,1.03293114962,12
opentop0-opentop1-notyz1-yz0-top1-jump2-foot2-volume,0.833333333333,1.03586077501,12
opentop0-opentop1-notyz1-yz0-top1-jump2-minute-volume,0.666666666667,1.03293114962,12
opentop0-opentop1-notyz1-yz0-top1-foot0-foot2-volume,0.846153846154,1.03733521255,13
opentop0-opentop1-notyz1-yz0-top1-foot0-speedup2-volume,0.9,1.03442235001,10
opentop0-opentop1-notyz1-yz0-top1-foot0-minute-volume,0.708333333333,1.02265993429,24
opentop0-opentop1-notyz1-yz0-top1-foot2-minute-volume,0.846153846154,1.03733521255,13
opentop0-opentop1-notyz1-yz0-jump1-jump2-foot0-foot2,0.785714285714,1.02596275853,14
opentop0-opentop1-notyz1-yz0-jump1-jump2-foot0-speedup2,0.8,1.02223045638,10
opentop0-opentop1-notyz1-yz0-jump1-jump2-foot0-minute,0.777777777778,1.02616630632,36
opentop0-opentop1-notyz1-yz0-jump1-jump2-foot0-volume,0.666666666667,1.03293114962,12
opentop0-opentop1-notyz1-yz0-jump1-jump2-foot2-minute,0.785714285714,1.02596275853,14
opentop0-opentop1-notyz1-yz0-jump1-jump2-foot2-volume,0.833333333333,1.03586077501,12
opentop0-opentop1-notyz1-yz0-jump1-jump2-speedup2-minute,0.8,1.02223045638,10
opentop0-opentop1-notyz1-yz0-jump1-jump2-minute-volume,0.666666666667,1.03293114962,12
opentop0-opentop1-notyz1-yz0-jump1-foot0-foot2-minute,0.8125,1.02795931857,16
opentop0-opentop1-notyz1-yz0-jump1-foot0-foot2-volume,0.846153846154,1.03733521255,13
opentop0-opentop1-notyz1-yz0-jump1-foot0-speedup2-minute,0.8,1.02223045638,10
opentop0-opentop1-notyz1-yz0-jump1-foot0-minute-volume,0.714285714286,1.02957000343,21
opentop0-opentop1-notyz1-yz0-jump1-foot2-minute-volume,0.846153846154,1.03733521255,13
opentop0-opentop1-notyz1-yz0-jump2-foot0-foot2-volume,0.833333333333,1.03586077501,12
opentop0-opentop1-notyz1-yz0-jump2-foot0-minute-volume,0.666666666667,1.03293114962,12
opentop0-opentop1-notyz1-yz0-jump2-foot2-minute-volume,0.833333333333,1.03586077501,12
opentop0-opentop1-notyz1-yz0-foot0-foot2-minute-volume,0.846153846154,1.03733521255,13
opentop0-opentop1-notyz1-top0-top1-jump1-jump2-foot0,0.736842105263,1.02263584318,38
opentop0-opentop1-notyz1-top0-top1-jump1-jump2-foot2,0.733333333333,1.02112880486,15
opentop0-opentop1-notyz1-top0-top1-jump1-jump2-minute,0.75,1.02452540347,40
opentop0-opentop1-notyz1-top0-top1-jump1-jump2-volume,0.666666666667,1.03293114962,12
opentop0-opentop1-notyz1-top0-top1-jump1-foot0-foot2,0.764705882353,1.0215107312,17
opentop0-opentop1-notyz1-top0-top1-jump1-foot0-speedup2,0.8,1.02223045638,10
opentop0-opentop1-notyz1-top0-top1-jump1-foot0-minute,0.714285714286,1.02154254236,84
opentop0-opentop1-notyz1-top0-top1-jump1-foot0-volume,0.714285714286,1.02957000343,21
opentop0-opentop1-notyz1-top0-top1-jump1-foot2-minute,0.777777777778,1.02498419967,18
opentop0-opentop1-notyz1-top0-top1-jump1-foot2-volume,0.8,1.03251495067,15
opentop0-opentop1-notyz1-top0-top1-jump1-speedup2-volume,0.818181818182,1.02953625315,11
opentop0-opentop1-notyz1-top0-top1-jump1-minute-volume,0.727272727273,1.02862463645,22
opentop0-opentop1-notyz1-top0-top1-jump2-foot0-minute,0.756756756757,1.02133118067,37
opentop0-opentop1-notyz1-top0-top1-jump2-foot0-volume,0.666666666667,1.03293114962,12
opentop0-opentop1-notyz1-top0-top1-jump2-foot2-volume,0.785714285714,1.03471658874,14
opentop0-opentop1-notyz1-top0-top1-jump2-speedup2-volume,0.833333333333,1.03559568945,12
opentop0-opentop1-notyz1-top0-top1-jump2-minute-volume,0.666666666667,1.03293114962,12
opentop0-opentop1-notyz1-top0-top1-foot0-foot2-volume,0.846153846154,1.03733521255,13
opentop0-opentop1-notyz1-top0-top1-foot0-speedup2-volume,0.9,1.03442235001,10
opentop0-opentop1-notyz1-top0-top1-foot0-minute-volume,0.708333333333,1.02265993429,24
opentop0-opentop1-notyz1-top0-top1-foot2-minute-volume,0.8125,1.0368733593,16
opentop0-opentop1-notyz1-top0-top1-speedup2-minute-volume,0.833333333333,1.03559568945,12
opentop0-opentop1-notyz1-top0-jump1-jump2-foot0-foot2,0.785714285714,1.02596275853,14
opentop0-opentop1-notyz1-top0-jump1-jump2-foot0-speedup2,0.8,1.02223045638,10
opentop0-opentop1-notyz1-top0-jump1-jump2-foot0-minute,0.777777777778,1.02616630632,36
opentop0-opentop1-notyz1-top0-jump1-jump2-foot0-volume,0.666666666667,1.03293114962,12
opentop0-opentop1-notyz1-top0-jump1-jump2-foot2-minute,0.733333333333,1.02112880486,15
opentop0-opentop1-notyz1-top0-jump1-jump2-foot2-volume,0.769230769231,1.02952175028,13
opentop0-opentop1-notyz1-top0-jump1-jump2-speedup2-volume,0.818181818182,1.02953625315,11
opentop0-opentop1-notyz1-top0-jump1-jump2-minute-volume,0.666666666667,1.03293114962,12
opentop0-opentop1-notyz1-top0-jump1-foot0-foot2-minute,0.8125,1.02795931857,16
opentop0-opentop1-notyz1-top0-jump1-foot0-foot2-volume,0.846153846154,1.03733521255,13
opentop0-opentop1-notyz1-top0-jump1-foot0-speedup2-minute,0.8,1.02223045638,10
opentop0-opentop1-notyz1-top0-jump1-foot0-minute-volume,0.714285714286,1.02957000343,21
opentop0-opentop1-notyz1-top0-jump1-foot2-minute-volume,0.8,1.03251495067,15
opentop0-opentop1-notyz1-top0-jump1-speedup2-minute-volume,0.818181818182,1.02953625315,11
opentop0-opentop1-notyz1-top0-jump2-foot0-foot2-volume,0.833333333333,1.03586077501,12
opentop0-opentop1-notyz1-top0-jump2-foot0-minute-volume,0.666666666667,1.03293114962,12
opentop0-opentop1-notyz1-top0-jump2-foot2-minute-volume,0.785714285714,1.03471658874,14
opentop0-opentop1-notyz1-top0-jump2-speedup2-minute-volume,0.833333333333,1.03559568945,12
opentop0-opentop1-notyz1-top0-foot0-foot2-minute-volume,0.846153846154,1.03733521255,13
opentop0-opentop1-notyz1-top1-jump1-jump2-foot0-foot2,0.785714285714,1.02596275853,14
opentop0-opentop1-notyz1-top1-jump1-jump2-foot0-speedup2,0.8,1.02223045638,10
opentop0-opentop1-notyz1-top1-jump1-jump2-foot0-minute,0.777777777778,1.02616630632,36
opentop0-opentop1-notyz1-top1-jump1-jump2-foot0-volume,0.666666666667,1.03293114962,12
opentop0-opentop1-notyz1-top1-jump1-jump2-foot2-minute,0.733333333333,1.02112880486,15
opentop0-opentop1-notyz1-top1-jump1-jump2-foot2-volume,0.769230769231,1.02952175028,13
opentop0-opentop1-notyz1-top1-jump1-jump2-speedup2-volume,0.818181818182,1.02953625315,11
opentop0-opentop1-notyz1-top1-jump1-jump2-minute-volume,0.666666666667,1.03293114962,12
opentop0-opentop1-notyz1-top1-jump1-foot0-foot2-minute,0.8125,1.02795931857,16
opentop0-opentop1-notyz1-top1-jump1-foot0-foot2-volume,0.846153846154,1.03733521255,13
opentop0-opentop1-notyz1-top1-jump1-foot0-speedup2-minute,0.8,1.02223045638,10
opentop0-opentop1-notyz1-top1-jump1-foot0-minute-volume,0.714285714286,1.02957000343,21
opentop0-opentop1-notyz1-top1-jump1-foot2-minute-volume,0.8,1.03251495067,15
opentop0-opentop1-notyz1-top1-jump1-speedup2-minute-volume,0.818181818182,1.02953625315,11
opentop0-opentop1-notyz1-top1-jump2-foot0-foot2-volume,0.833333333333,1.03586077501,12
opentop0-opentop1-notyz1-top1-jump2-foot0-minute-volume,0.666666666667,1.03293114962,12
opentop0-opentop1-notyz1-top1-jump2-foot2-minute-volume,0.785714285714,1.03471658874,14
opentop0-opentop1-notyz1-top1-jump2-speedup2-minute-volume,0.833333333333,1.03559568945,12
opentop0-opentop1-notyz1-top1-foot0-foot2-minute-volume,0.846153846154,1.03733521255,13
opentop0-opentop1-notyz1-jump1-jump2-foot0-foot2-minute,0.785714285714,1.02596275853,14
opentop0-opentop1-notyz1-jump1-jump2-foot0-foot2-volume,0.833333333333,1.03586077501,12
opentop0-opentop1-notyz1-jump1-jump2-foot0-speedup2-minute,0.8,1.02223045638,10
opentop0-opentop1-notyz1-jump1-jump2-foot0-minute-volume,0.666666666667,1.03293114962,12
opentop0-opentop1-notyz1-jump1-jump2-foot2-minute-volume,0.769230769231,1.02952175028,13
opentop0-opentop1-notyz1-jump1-jump2-speedup2-minute-volume,0.818181818182,1.02953625315,11
opentop0-opentop1-notyz1-jump1-foot0-foot2-minute-volume,0.846153846154,1.03733521255,13
opentop0-opentop1-notyz1-jump2-foot0-foot2-minute-volume,0.833333333333,1.03586077501,12
opentop0-opentop1-yz0-top0-top1-jump1-jump2-speedup2,0.8,1.02223045638,10
opentop0-opentop1-yz0-top0-top1-jump1-foot0-speedup2,0.8,1.02223045638,10
opentop0-opentop1-yz0-top0-top1-jump1-speedup2-minute,0.8,1.02223045638,10
opentop0-opentop1-yz0-top0-top1-foot0-speedup2-volume,0.9,1.03442235001,10
opentop0-opentop1-yz0-top0-jump1-jump2-foot0-speedup2,0.8,1.02223045638,10
opentop0-opentop1-yz0-top0-jump1-jump2-speedup2-minute,0.8,1.02223045638,10
opentop0-opentop1-yz0-top0-jump1-foot0-foot2-volume,0.8,1.02134981822,10
opentop0-opentop1-yz0-top0-jump1-foot0-speedup2-minute,0.8,1.02223045638,10
opentop0-opentop1-yz0-top1-jump1-jump2-foot0-speedup2,0.8,1.02223045638,10
opentop0-opentop1-yz0-top1-jump1-jump2-speedup2-minute,0.8,1.02223045638,10
opentop0-opentop1-yz0-top1-jump1-foot0-speedup2-minute,0.8,1.02223045638,10
opentop0-opentop1-yz0-jump1-jump2-foot0-speedup2-minute,0.8,1.02223045638,10
opentop0-opentop1-top0-top1-jump1-jump2-foot0-speedup2,0.8,1.02223045638,10
opentop0-opentop1-top0-top1-jump1-jump2-speedup2-volume,0.818181818182,1.02953625315,11
opentop0-opentop1-top0-top1-jump1-foot0-speedup2-minute,0.8,1.02223045638,10
opentop0-opentop1-top0-top1-jump1-speedup2-minute-volume,0.818181818182,1.02953625315,11
opentop0-opentop1-top0-top1-jump2-speedup2-minute-volume,0.833333333333,1.03559568945,12
opentop0-opentop1-top0-jump1-jump2-foot0-speedup2-minute,0.8,1.02223045638,10
opentop0-opentop1-top0-jump1-jump2-speedup2-minute-volume,0.818181818182,1.02953625315,11
opentop0-opentop1-top1-jump1-jump2-foot0-speedup2-minute,0.8,1.02223045638,10
opentop0-opentop1-top1-jump1-jump2-speedup2-minute-volume,0.818181818182,1.02953625315,11
opentop0-opentop2-notyz0-notyz1-top0-top1-jump1-minute,0.611111111111,1.07336944452,18
opentop0-opentop2-notyz0-notyz1-top0-top1-minute-volume,0.631578947368,1.02278340457,19
opentop0-opentop2-notyz1-yz0-top0-top1-jump1-foot0,0.75,1.05892721254,12
opentop0-opentop2-notyz1-yz0-top0-top1-jump1-minute,0.75,1.05892721254,12
opentop0-opentop2-notyz1-yz0-top0-top1-jump1-volume,0.818181818182,1.0685596594,11
opentop0-opentop2-notyz1-yz0-top0-top1-foot0-minute,0.785714285714,1.05727122216,14
opentop0-opentop2-notyz1-yz0-top0-top1-foot0-volume,0.846153846154,1.06529437025,13
opentop0-opentop2-notyz1-yz0-top0-top1-minute-volume,0.846153846154,1.06529437025,13
opentop0-opentop2-notyz1-yz0-top0-jump1-foot0-minute,0.75,1.05892721254,12
opentop0-opentop2-notyz1-yz0-top0-jump1-foot0-volume,0.818181818182,1.0685596594,11
opentop0-opentop2-notyz1-yz0-top0-jump1-minute-volume,0.818181818182,1.0685596594,11
opentop0-opentop2-notyz1-yz0-top0-foot0-minute-volume,0.846153846154,1.06529437025,13
opentop0-opentop2-notyz1-yz0-top1-jump1-foot0-minute,0.75,1.05892721254,12
opentop0-opentop2-notyz1-yz0-top1-jump1-foot0-volume,0.818181818182,1.0685596594,11
opentop0-opentop2-notyz1-yz0-top1-jump1-minute-volume,0.818181818182,1.0685596594,11
opentop0-opentop2-notyz1-yz0-top1-foot0-minute-volume,0.846153846154,1.06529437025,13
opentop0-opentop2-notyz1-yz0-jump1-foot0-minute-volume,0.818181818182,1.0685596594,11
opentop0-opentop2-notyz1-top0-top1-jump1-foot0-minute,0.692307692308,1.04728594689,13
opentop0-opentop2-notyz1-top0-top1-jump1-foot0-volume,0.75,1.05514558437,12
opentop0-opentop2-notyz1-top0-top1-jump1-minute-volume,0.653846153846,1.040576061,26
opentop0-opentop2-notyz1-top0-top1-foot0-minute-volume,0.785714285714,1.05402982659,14
opentop0-opentop2-notyz1-top0-jump1-foot0-minute-volume,0.75,1.05514558437,12
opentop0-opentop2-notyz1-top1-jump1-foot0-minute-volume,0.75,1.05514558437,12
opentop0-notyz0-notyz1-top0-top1-jump1-jump2-speedup2,0.619047619048,1.07074931954,21
opentop0-notyz0-notyz1-top0-top1-jump1-speedup1-minute,0.625,1.11725510711,16
opentop0-notyz0-notyz1-top0-top1-jump1-speedup2-volume,0.619047619048,1.07074931954,21
opentop0-notyz0-notyz1-top0-top1-jump1-minute-volume,0.7,1.02084207628,10
opentop0-notyz0-notyz1-top0-top1-jump2-foot2-speedup2,0.764705882353,1.03775363562,17
opentop0-notyz0-notyz1-top0-top1-jump2-foot2-minute,0.764705882353,1.03895759578,17
opentop0-notyz0-notyz1-top0-top1-jump2-foot2-volume,0.764705882353,1.03775363562,17
opentop0-notyz0-notyz1-top0-top1-jump2-speedup1-volume,0.636363636364,1.15050866949,11
opentop0-notyz0-notyz1-top0-top1-jump2-speedup2-minute,0.705882352941,1.06414831457,34
opentop0-notyz0-notyz1-top0-top1-jump2-speedup2-volume,0.757575757576,1.06973598714,33
opentop0-notyz0-notyz1-top0-top1-jump2-minute-volume,0.722222222222,1.06347335296,36
opentop0-notyz0-notyz1-top0-top1-foot2-speedup2-minute,0.75,1.03819929909,16
opentop0-notyz0-notyz1-top0-top1-foot2-speedup2-volume,0.764705882353,1.03775363562,17
opentop0-notyz0-notyz1-top0-top1-foot2-minute-volume,0.705882352941,1.03243466291,17
opentop0-notyz0-notyz1-top0-top1-speedup1-minute-volume,0.647058823529,1.11294600944,17
opentop0-notyz0-notyz1-top0-top1-speedup2-minute-volume,0.757575757576,1.0700499443,33
opentop0-notyz0-notyz1-top0-jump1-jump2-speedup2-volume,0.619047619048,1.07074931954,21
opentop0-notyz0-notyz1-top0-jump2-foot2-speedup2-minute,0.75,1.03819929909,16
opentop0-notyz0-notyz1-top0-jump2-foot2-speedup2-volume,0.764705882353,1.03775363562,17
opentop0-notyz0-notyz1-top0-jump2-foot2-minute-volume,0.75,1.03819929909,16
opentop0-notyz0-notyz1-top0-jump2-speedup1-minute-volume,0.636363636364,1.15050866949,11
opentop0-notyz0-notyz1-top0-jump2-speedup2-minute-volume,0.75,1.07095826736,32
opentop0-notyz0-notyz1-top0-foot2-speedup2-minute-volume,0.75,1.03819929909,16
opentop0-notyz0-notyz1-top1-nottop0-jump2-speedup1-speedup2,0.884615384615,1.03780138851,26
opentop0-notyz0-notyz1-top1-nottop0-jump2-speedup1-minute,0.851851851852,1.03201950724,27
opentop0-notyz0-notyz1-top1-nottop0-jump2-speedup2-minute,0.745098039216,1.02265390129,51
opentop0-notyz0-notyz1-top1-nottop0-jump2-speedup2-volume,0.80487804878,1.03095334849,41
opentop0-notyz0-notyz1-top1-nottop0-jump2-minute-volume,0.772727272727,1.02625897197,44
opentop0-notyz0-notyz1-top1-nottop0-foot1-minute-volume,0.740740740741,1.02472854908,27
opentop0-notyz0-notyz1-top1-nottop0-speedup1-speedup2-minute,0.892857142857,1.0409507732,28
opentop0-notyz0-notyz1-top1-nottop0-speedup2-minute-volume,0.775510204082,1.02893085436,49
opentop0-notyz0-notyz1-top1-jump1-jump2-speedup2-volume,0.619047619048,1.07074931954,21
opentop0-notyz0-notyz1-top1-jump2-foot1-minute-volume,0.818181818182,1.0375030623,11
opentop0-notyz0-notyz1-top1-jump2-foot2-speedup2-minute,0.75,1.03819929909,16
opentop0-notyz0-notyz1-top1-jump2-foot2-speedup2-volume,0.764705882353,1.03775363562,17
opentop0-notyz0-notyz1-top1-jump2-foot2-minute-volume,0.75,1.03819929909,16
opentop0-notyz0-notyz1-top1-jump2-speedup1-speedup2-minute,0.916666666667,1.04075913403,24
opentop0-notyz0-notyz1-top1-jump2-speedup1-speedup2-volume,0.95,1.04476040622,20
opentop0-notyz0-notyz1-top1-jump2-speedup1-minute-volume,0.636363636364,1.15050866949,11
opentop0-notyz0-notyz1-top1-jump2-speedup2-minute-volume,0.75,1.07095826736,32
opentop0-notyz0-notyz1-top1-foot2-speedup2-minute-volume,0.75,1.03819929909,16
opentop0-notyz0-notyz1-top1-speedup1-speedup2-minute-volume,0.913043478261,1.04232907897,23
opentop0-notyz0-notyz1-nottop0-jump2-speedup2-minute-volume,0.80487804878,1.03095334849,41
opentop0-notyz0-notyz1-jump2-foot2-speedup2-minute-volume,0.75,1.03819929909,16
opentop0-notyz0-notyz1-jump2-speedup1-speedup2-minute-volume,0.95,1.04476040622,20
opentop0-notyz0-top0-top1-jump1-jump2-speedup2-volume,0.619047619048,1.07074931954,21
opentop0-notyz0-top0-top1-jump2-foot2-speedup2-minute,0.75,1.03819929909,16
opentop0-notyz0-top0-top1-jump2-foot2-speedup2-volume,0.764705882353,1.03775363562,17
opentop0-notyz0-top0-top1-jump2-foot2-minute-volume,0.705882352941,1.03111237085,17
opentop0-notyz0-top0-top1-jump2-speedup2-minute-volume,0.75,1.07095826736,32
opentop0-notyz0-top0-top1-foot2-speedup2-minute-volume,0.75,1.03819929909,16
opentop0-notyz0-top0-jump2-foot2-speedup2-minute-volume,0.75,1.03819929909,16
opentop0-notyz0-top1-nottop0-jump2-speedup1-minute-volume,0.8,1.02549443599,25
opentop0-notyz0-top1-nottop0-jump2-speedup2-minute-volume,0.80487804878,1.03095334849,41
opentop0-notyz0-top1-jump2-foot2-speedup2-minute-volume,0.75,1.03819929909,16
opentop0-notyz0-top1-jump2-speedup1-speedup2-minute-volume,0.95,1.04476040622,20
opentop0-notyz1-yz0-top0-top1-jump1-jump2-foot0,0.666666666667,1.02400466034,63
opentop0-notyz1-yz0-top0-top1-jump1-jump2-foot2,0.652173913043,1.03189509838,23
opentop0-notyz1-yz0-top0-top1-jump1-jump2-speedup2,0.652173913043,1.03980486134,23
opentop0-notyz1-yz0-top0-top1-jump1-jump2-minute,0.611111111111,1.02040263573,18
opentop0-notyz1-yz0-top0-top1-jump1-jump2-volume,0.714285714286,1.04204281435,14
opentop0-notyz1-yz0-top0-top1-jump1-foot0-foot2,0.678571428571,1.02961475254,28
opentop0-notyz1-yz0-top0-top1-jump1-foot0-speedup2,0.652173913043,1.03980486134,23
opentop0-notyz1-yz0-top0-top1-jump1-foot0-minute,0.647540983607,1.02360975558,122
opentop0-notyz1-yz0-top0-top1-jump1-foot0-volume,0.72,1.0308307461,25
opentop0-notyz1-yz0-top0-top1-jump1-foot2-minute,0.727272727273,1.04154800839,22
opentop0-notyz1-yz0-top0-top1-jump1-foot2-volume,0.684210526316,1.02085028227,19
opentop0-notyz1-yz0-top0-top1-jump1-speedup2-minute,0.681818181818,1.04331843836,22
opentop0-notyz1-yz0-top0-top1-jump1-speedup2-volume,0.714285714286,1.02404233665,21
opentop0-notyz1-yz0-top0-top1-jump1-minute-volume,0.72,1.0308307461,25
opentop0-notyz1-yz0-top0-top1-jump2-foot0-foot2,0.652173913043,1.03272577721,23
opentop0-notyz1-yz0-top0-top1-jump2-foot0-speedup2,0.740740740741,1.02058998567,27
opentop0-notyz1-yz0-top0-top1-jump2-foot0-minute,0.654545454545,1.02688212637,55
opentop0-notyz1-yz0-top0-top1-jump2-foot0-volume,0.647058823529,1.02858353783,17
opentop0-notyz1-yz0-top0-top1-jump2-foot2-speedup2,0.7,1.04866858309,10
opentop0-notyz1-yz0-top0-top1-jump2-foot2-minute,0.736842105263,1.04490031943,19
opentop0-notyz1-yz0-top0-top1-jump2-foot2-volume,0.736842105263,1.02323343588,19
opentop0-notyz1-yz0-top0-top1-jump2-speedup2-minute,0.740740740741,1.02058998567,27
opentop0-notyz1-yz0-top0-top1-jump2-speedup2-volume,0.769230769231,1.02725626753,26
opentop0-notyz1-yz0-top0-top1-jump2-minute-volume,0.6875,1.0335128182,16
opentop0-notyz1-yz0-top0-top1-foot0-foot2-speedup2,0.7,1.04866858309,10
opentop0-notyz1-yz0-top0-top1-foot0-foot2-minute,0.727272727273,1.04241644535,22
opentop0-notyz1-yz0-top0-top1-foot0-foot2-volume,0.714285714286,1.02321524122,21
opentop0-notyz1-yz0-top0-top1-foot0-speedup2-minute,0.652173913043,1.04302788308,23
opentop0-notyz1-yz0-top0-top1-foot0-speedup2-volume,0.727272727273,1.03402946652,11
opentop0-notyz1-yz0-top0-top1-foot0-minute-volume,0.709677419355,1.02187543613,31
opentop0-notyz1-yz0-top0-top1-foot2-minute-volume,0.714285714286,1.02321524122,21
opentop0-notyz1-yz0-top0-top1-speedup2-minute-volume,0.733333333333,1.02451221595,30
opentop0-notyz1-yz0-top0-jump1-jump2-foot0-foot2,0.652173913043,1.03189509838,23
opentop0-notyz1-yz0-top0-jump1-jump2-foot0-speedup2,0.652173913043,1.03980486134,23
opentop0-notyz1-yz0-top0-jump1-jump2-foot0-minute,0.611111111111,1.02040263573,18
opentop0-notyz1-yz0-top0-jump1-jump2-foot0-volume,0.714285714286,1.04204281435,14
opentop0-notyz1-yz0-top0-jump1-jump2-foot2-minute,0.736842105263,1.04389476085,19
opentop0-notyz1-yz0-top0-jump1-jump2-foot2-volume,0.705882352941,1.02059238701,17
opentop0-notyz1-yz0-top0-jump1-jump2-speedup2-minute,0.681818181818,1.04331843836,22
opentop0-notyz1-yz0-top0-jump1-jump2-speedup2-volume,0.7,1.02272857659,20
opentop0-notyz1-yz0-top0-jump1-jump2-minute-volume,0.714285714286,1.04204281435,14
opentop0-notyz1-yz0-top0-jump1-foot0-foot2-minute,0.727272727273,1.04154800839,22
opentop0-notyz1-yz0-top0-jump1-foot0-foot2-volume,0.684210526316,1.02085028227,19
opentop0-notyz1-yz0-top0-jump1-foot0-speedup2-minute,0.681818181818,1.04331843836,22
opentop0-notyz1-yz0-top0-jump1-foot0-speedup2-volume,0.714285714286,1.02404233665,21
opentop0-notyz1-yz0-top0-jump1-foot0-minute-volume,0.72,1.0308307461,25
opentop0-notyz1-yz0-top0-jump1-foot2-minute-volume,0.684210526316,1.02085028227,19
opentop0-notyz1-yz0-top0-jump1-speedup2-minute-volume,0.714285714286,1.02404233665,21
opentop0-notyz1-yz0-top0-jump2-foot0-foot2-speedup2,0.7,1.04866858309,10
opentop0-notyz1-yz0-top0-jump2-foot0-foot2-minute,0.736842105263,1.04490031943,19
opentop0-notyz1-yz0-top0-jump2-foot0-foot2-volume,0.736842105263,1.02323343588,19
opentop0-notyz1-yz0-top0-jump2-foot0-speedup2-minute,0.740740740741,1.02058998567,27
opentop0-notyz1-yz0-top0-jump2-foot0-speedup2-volume,0.769230769231,1.02725626753,26
opentop0-notyz1-yz0-top0-jump2-foot0-minute-volume,0.6875,1.0335128182,16
opentop0-notyz1-yz0-top0-jump2-foot2-minute-volume,0.736842105263,1.02323343588,19
opentop0-notyz1-yz0-top0-jump2-speedup2-minute-volume,0.769230769231,1.02725626753,26
opentop0-notyz1-yz0-top0-foot0-foot2-minute-volume,0.714285714286,1.02321524122,21
opentop0-notyz1-yz0-top0-foot0-speedup2-minute-volume,0.733333333333,1.02451221595,30
opentop0-notyz1-yz0-top1-jump1-jump2-foot0-foot2,0.652173913043,1.03189509838,23
opentop0-notyz1-yz0-top1-jump1-jump2-foot0-speedup2,0.652173913043,1.03980486134,23
opentop0-notyz1-yz0-top1-jump1-jump2-foot0-minute,0.611111111111,1.02040263573,18
opentop0-notyz1-yz0-top1-jump1-jump2-foot0-volume,0.714285714286,1.04204281435,14
opentop0-notyz1-yz0-top1-jump1-jump2-foot2-minute,0.736842105263,1.04389476085,19
opentop0-notyz1-yz0-top1-jump1-jump2-foot2-volume,0.705882352941,1.02059238701,17
opentop0-notyz1-yz0-top1-jump1-jump2-speedup2-minute,0.681818181818,1.04331843836,22
opentop0-notyz1-yz0-top1-jump1-jump2-speedup2-volume,0.7,1.02272857659,20
opentop0-notyz1-yz0-top1-jump1-jump2-minute-volume,0.714285714286,1.04204281435,14
opentop0-notyz1-yz0-top1-jump1-foot0-foot2-minute,0.727272727273,1.04154800839,22
opentop0-notyz1-yz0-top1-jump1-foot0-foot2-volume,0.684210526316,1.02085028227,19
opentop0-notyz1-yz0-top1-jump1-foot0-speedup2-minute,0.681818181818,1.04331843836,22
opentop0-notyz1-yz0-top1-jump1-foot0-speedup2-volume,0.714285714286,1.02404233665,21
opentop0-notyz1-yz0-top1-jump1-foot0-minute-volume,0.72,1.0308307461,25
opentop0-notyz1-yz0-top1-jump1-foot2-minute-volume,0.684210526316,1.02085028227,19
opentop0-notyz1-yz0-top1-jump1-speedup2-minute-volume,0.714285714286,1.02404233665,21
opentop0-notyz1-yz0-top1-jump2-foot0-foot2-speedup2,0.7,1.04866858309,10
opentop0-notyz1-yz0-top1-jump2-foot0-foot2-minute,0.736842105263,1.04490031943,19
opentop0-notyz1-yz0-top1-jump2-foot0-foot2-volume,0.736842105263,1.02323343588,19
opentop0-notyz1-yz0-top1-jump2-foot0-speedup2-minute,0.740740740741,1.02058998567,27
opentop0-notyz1-yz0-top1-jump2-foot0-speedup2-volume,0.769230769231,1.02725626753,26
opentop0-notyz1-yz0-top1-jump2-foot0-minute-volume,0.6875,1.0335128182,16
opentop0-notyz1-yz0-top1-jump2-foot2-minute-volume,0.736842105263,1.02323343588,19
opentop0-notyz1-yz0-top1-jump2-speedup2-minute-volume,0.769230769231,1.02725626753,26
opentop0-notyz1-yz0-top1-foot0-foot2-minute-volume,0.714285714286,1.02321524122,21
opentop0-notyz1-yz0-top1-foot0-speedup2-minute-volume,0.733333333333,1.02451221595,30
opentop0-notyz1-yz0-jump1-jump2-foot0-foot2-minute,0.736842105263,1.04389476085,19
opentop0-notyz1-yz0-jump1-jump2-foot0-foot2-volume,0.705882352941,1.02059238701,17
opentop0-notyz1-yz0-jump1-jump2-foot0-speedup2-minute,0.681818181818,1.04331843836,22
opentop0-notyz1-yz0-jump1-jump2-foot0-speedup2-volume,0.7,1.02272857659,20
opentop0-notyz1-yz0-jump1-jump2-foot0-minute-volume,0.714285714286,1.04204281435,14
opentop0-notyz1-yz0-jump1-jump2-foot2-minute-volume,0.705882352941,1.02059238701,17
opentop0-notyz1-yz0-jump1-jump2-speedup2-minute-volume,0.7,1.02272857659,20
opentop0-notyz1-yz0-jump1-foot0-foot2-minute-volume,0.684210526316,1.02085028227,19
opentop0-notyz1-yz0-jump1-foot0-speedup2-minute-volume,0.714285714286,1.02404233665,21
opentop0-notyz1-yz0-jump2-foot0-foot2-minute-volume,0.736842105263,1.02323343588,19
opentop0-notyz1-yz0-jump2-foot0-speedup2-minute-volume,0.769230769231,1.02725626753,26
opentop0-notyz1-top0-top1-jump1-jump2-foot0-foot2,0.652173913043,1.03189509838,23
opentop0-notyz1-top0-top1-jump1-jump2-foot0-speedup2,0.625,1.03429594041,24
opentop0-notyz1-top0-top1-jump1-jump2-foot0-minute,0.611111111111,1.02040263573,18
opentop0-notyz1-top0-top1-jump1-jump2-foot0-volume,0.714285714286,1.04204281435,14
opentop0-notyz1-top0-top1-jump1-jump2-foot2-speedup2,0.7,1.04411439655,10
opentop0-notyz1-top0-top1-jump1-jump2-foot2-minute,0.681818181818,1.03679961159,22
opentop0-notyz1-top0-top1-jump1-jump2-foot2-volume,0.6875,1.05319197803,16
opentop0-notyz1-top0-top1-jump1-jump2-speedup2-minute,0.633333333333,1.0480541105,30
opentop0-notyz1-top0-top1-jump1-jump2-speedup2-volume,0.645161290323,1.04749181726,31
opentop0-notyz1-top0-top1-jump1-jump2-minute-volume,0.733333333333,1.04515356598,15
opentop0-notyz1-top0-top1-jump1-foot0-foot2-minute,0.727272727273,1.04154800839,22
opentop0-notyz1-top0-top1-jump1-foot0-foot2-volume,0.7,1.02030519526,20
opentop0-notyz1-top0-top1-jump1-foot0-speedup2-minute,0.652173913043,1.03741723492,23
opentop0-notyz1-top0-top1-jump1-foot0-speedup2-volume,0.714285714286,1.02404233665,21
opentop0-notyz1-top0-top1-jump1-foot0-minute-volume,0.72,1.0308307461,25
opentop0-notyz1-top0-top1-jump1-foot2-minute-volume,0.666666666667,1.04866944023,18
opentop0-notyz1-top0-top1-jump1-speedup2-minute-volume,0.612903225806,1.04492040019,31
opentop0-notyz1-top0-top1-jump2-foot0-foot2-speedup2,0.7,1.04866858309,10
opentop0-notyz1-top0-top1-jump2-foot0-foot2-minute,0.736842105263,1.04490031943,19
opentop0-notyz1-top0-top1-jump2-foot0-foot2-volume,0.75,1.02256919118,20
opentop0-notyz1-top0-top1-jump2-foot0-speedup2-minute,0.740740740741,1.02058998567,27
opentop0-notyz1-top0-top1-jump2-foot0-speedup2-volume,0.769230769231,1.02725626753,26
opentop0-notyz1-top0-top1-jump2-foot0-minute-volume,0.6875,1.0335128182,16
opentop0-notyz1-top0-top1-jump2-foot2-speedup2-minute,0.785714285714,1.05063855157,14
opentop0-notyz1-top0-top1-jump2-foot2-speedup2-volume,0.785714285714,1.05063855157,14
opentop0-notyz1-top0-top1-jump2-foot2-minute-volume,0.714285714286,1.0514939796,21
opentop0-notyz1-top0-top1-jump2-speedup1-minute-volume,0.636363636364,1.15050866949,11
opentop0-notyz1-top0-top1-jump2-speedup2-minute-volume,0.833333333333,1.04697955419,12
opentop0-notyz1-top0-top1-foot0-foot2-minute-volume,0.727272727273,1.02261220944,22
opentop0-notyz1-top0-top1-foot0-speedup2-minute-volume,0.733333333333,1.02451221595,30
opentop0-notyz1-top0-top1-foot2-speedup2-minute-volume,0.785714285714,1.05063855157,14
opentop0-notyz1-top0-jump1-jump2-foot0-foot2-minute,0.736842105263,1.04389476085,19
opentop0-notyz1-top0-jump1-jump2-foot0-foot2-volume,0.722222222222,1.02000106229,18
opentop0-notyz1-top0-jump1-jump2-foot0-speedup2-minute,0.652173913043,1.03741723492,23
opentop0-notyz1-top0-jump1-jump2-foot0-speedup2-volume,0.7,1.02272857659,20
opentop0-notyz1-top0-jump1-jump2-foot0-minute-volume,0.714285714286,1.04204281435,14
opentop0-notyz1-top0-jump1-jump2-foot2-minute-volume,0.6875,1.05319197803,16
opentop0-notyz1-top0-jump1-jump2-speedup2-minute-volume,0.633333333333,1.0480541105,30
opentop0-notyz1-top0-jump1-foot0-foot2-minute-volume,0.7,1.02030519526,20
opentop0-notyz1-top0-jump1-foot0-speedup2-minute-volume,0.714285714286,1.02404233665,21
opentop0-notyz1-top0-jump2-foot0-foot2-minute-volume,0.75,1.02256919118,20
opentop0-notyz1-top0-jump2-foot0-speedup2-minute-volume,0.769230769231,1.02725626753,26
opentop0-notyz1-top0-jump2-foot2-speedup2-minute-volume,0.785714285714,1.05063855157,14
opentop0-notyz1-top1-nottop0-jump2-speedup2-minute-volume,0.80487804878,1.03095334849,41
opentop0-notyz1-top1-jump1-jump2-foot0-foot2-minute,0.736842105263,1.04389476085,19
opentop0-notyz1-top1-jump1-jump2-foot0-foot2-volume,0.722222222222,1.02000106229,18
opentop0-notyz1-top1-jump1-jump2-foot0-speedup2-minute,0.652173913043,1.03741723492,23
opentop0-notyz1-top1-jump1-jump2-foot0-speedup2-volume,0.7,1.02272857659,20
opentop0-notyz1-top1-jump1-jump2-foot0-minute-volume,0.714285714286,1.04204281435,14
opentop0-notyz1-top1-jump1-jump2-foot2-minute-volume,0.6875,1.05319197803,16
opentop0-notyz1-top1-jump1-jump2-speedup2-minute-volume,0.633333333333,1.0480541105,30
opentop0-notyz1-top1-jump1-foot0-foot2-minute-volume,0.7,1.02030519526,20
opentop0-notyz1-top1-jump1-foot0-speedup2-minute-volume,0.714285714286,1.02404233665,21
opentop0-notyz1-top1-jump2-foot0-foot2-minute-volume,0.75,1.02256919118,20
opentop0-notyz1-top1-jump2-foot0-speedup2-minute-volume,0.769230769231,1.02725626753,26
opentop0-notyz1-top1-jump2-foot1-speedup2-minute-volume,0.9,1.04527481626,10
opentop0-notyz1-top1-jump2-foot2-speedup2-minute-volume,0.785714285714,1.05063855157,14
opentop0-notyz1-top1-jump2-speedup1-speedup2-minute-volume,0.95,1.04476040622,20
opentop0-notyz1-jump1-jump2-foot0-foot2-minute-volume,0.722222222222,1.02000106229,18
opentop0-notyz1-jump1-jump2-foot0-speedup2-minute-volume,0.7,1.02272857659,20
opentop0-yz0-top0-top1-jump1-jump2-foot0-speedup2,0.652173913043,1.03980486134,23
opentop0-yz0-top0-top1-jump1-jump2-speedup2-minute,0.681818181818,1.04331843836,22
opentop0-yz0-top0-top1-jump1-jump2-speedup2-volume,0.7,1.02272857659,20
opentop0-yz0-top0-top1-jump1-foot0-speedup2-minute,0.681818181818,1.04331843836,22
opentop0-yz0-top0-top1-jump1-foot0-speedup2-volume,0.714285714286,1.02404233665,21
opentop0-yz0-top0-top1-jump1-speedup2-minute-volume,0.714285714286,1.02404233665,21
opentop0-yz0-top0-top1-jump2-foot0-foot2-speedup2,0.7,1.04866858309,10
opentop0-yz0-top0-top1-jump2-foot0-speedup2-minute,0.740740740741,1.02058998567,27
opentop0-yz0-top0-top1-jump2-foot0-speedup2-volume,0.769230769231,1.02725626753,26
opentop0-yz0-top0-top1-jump2-speedup2-minute-volume,0.769230769231,1.02725626753,26
opentop0-yz0-top0-top1-foot0-speedup2-minute-volume,0.733333333333,1.02451221595,30
opentop0-yz0-top0-jump1-jump2-foot0-speedup2-minute,0.681818181818,1.04331843836,22
opentop0-yz0-top0-jump1-jump2-foot0-speedup2-volume,0.7,1.02272857659,20
opentop0-yz0-top0-jump1-jump2-speedup2-minute-volume,0.7,1.02272857659,20
opentop0-yz0-top0-jump1-foot0-speedup2-minute-volume,0.714285714286,1.02404233665,21
opentop0-yz0-top0-jump2-foot0-speedup2-minute-volume,0.769230769231,1.02725626753,26
opentop0-yz0-top1-jump1-jump2-foot0-speedup2-minute,0.681818181818,1.04331843836,22
opentop0-yz0-top1-jump1-jump2-foot0-speedup2-volume,0.7,1.02272857659,20
opentop0-yz0-top1-jump1-jump2-speedup2-minute-volume,0.7,1.02272857659,20
opentop0-yz0-top1-jump1-foot0-speedup2-minute-volume,0.714285714286,1.02404233665,21
opentop0-yz0-top1-jump2-foot0-speedup2-minute-volume,0.769230769231,1.02725626753,26
opentop0-yz0-jump1-jump2-foot0-speedup2-minute-volume,0.7,1.02272857659,20
opentop0-top0-top1-jump1-jump2-foot0-speedup2-minute,0.652173913043,1.03741723492,23
opentop0-top0-top1-jump1-jump2-foot0-speedup2-volume,0.7,1.02272857659,20
opentop0-top0-top1-jump1-jump2-speedup2-minute-volume,0.633333333333,1.0480541105,30
opentop0-top0-top1-jump1-foot0-speedup2-minute-volume,0.714285714286,1.02404233665,21
opentop0-top0-top1-jump2-foot0-speedup2-minute-volume,0.769230769231,1.02725626753,26
opentop0-top0-top1-jump2-foot2-speedup2-minute-volume,0.785714285714,1.05063855157,14
opentop0-top0-jump1-jump2-foot0-speedup2-minute-volume,0.7,1.02272857659,20
opentop0-top1-jump1-jump2-foot0-speedup2-minute-volume,0.7,1.02272857659,20
opentop1-opentop2-notyz0-notyz1-top0-top1-jump1-speedup2,0.846153846154,1.03764204766,13
opentop1-opentop2-notyz0-notyz1-top0-top1-jump2-speedup2,0.833333333333,1.03372712457,12
opentop1-opentop2-notyz0-notyz1-top0-top1-speedup2-minute,0.846153846154,1.03764204766,13
opentop1-opentop2-notyz0-notyz1-top0-top1-speedup2-volume,0.846153846154,1.03764204766,13
opentop1-opentop2-notyz0-notyz1-top0-jump1-jump2-speedup2,0.833333333333,1.03372712457,12
opentop1-opentop2-notyz0-notyz1-top0-jump1-speedup2-minute,0.846153846154,1.03764204766,13
opentop1-opentop2-notyz0-notyz1-top0-jump1-speedup2-volume,0.846153846154,1.03764204766,13
opentop1-opentop2-notyz0-notyz1-top0-jump2-speedup2-minute,0.833333333333,1.03372712457,12
opentop1-opentop2-notyz0-notyz1-top0-jump2-speedup2-volume,0.833333333333,1.03372712457,12
opentop1-opentop2-notyz0-notyz1-top0-speedup2-minute-volume,0.846153846154,1.03764204766,13
opentop1-opentop2-notyz0-notyz1-top1-jump1-jump2-speedup2,0.833333333333,1.03372712457,12
opentop1-opentop2-notyz0-notyz1-top1-jump1-speedup2-minute,0.846153846154,1.03764204766,13
opentop1-opentop2-notyz0-notyz1-top1-jump1-speedup2-volume,0.846153846154,1.03764204766,13
opentop1-opentop2-notyz0-notyz1-top1-jump2-speedup2-minute,0.833333333333,1.03372712457,12
opentop1-opentop2-notyz0-notyz1-top1-jump2-speedup2-volume,0.833333333333,1.03372712457,12
opentop1-opentop2-notyz0-notyz1-top1-speedup2-minute-volume,0.846153846154,1.03764204766,13
opentop1-opentop2-notyz0-notyz1-jump1-jump2-speedup2-minute,0.833333333333,1.03372712457,12
opentop1-opentop2-notyz0-notyz1-jump1-jump2-speedup2-volume,0.833333333333,1.03372712457,12
opentop1-opentop2-notyz0-notyz1-jump1-speedup2-minute-volume,0.846153846154,1.03764204766,13
opentop1-opentop2-notyz0-notyz1-jump2-speedup2-minute-volume,0.833333333333,1.03372712457,12
opentop1-opentop2-notyz0-top0-top1-jump1-jump2-speedup2,0.833333333333,1.03372712457,12
opentop1-opentop2-notyz0-top0-top1-jump1-speedup2-minute,0.846153846154,1.03764204766,13
opentop1-opentop2-notyz0-top0-top1-jump1-speedup2-volume,0.846153846154,1.03764204766,13
opentop1-opentop2-notyz0-top0-top1-jump2-speedup2-minute,0.833333333333,1.03372712457,12
opentop1-opentop2-notyz0-top0-top1-jump2-speedup2-volume,0.833333333333,1.03372712457,12
opentop1-opentop2-notyz0-top0-top1-speedup2-minute-volume,0.846153846154,1.03764204766,13
opentop1-opentop2-notyz0-top0-jump1-jump2-speedup2-minute,0.833333333333,1.03372712457,12
opentop1-opentop2-notyz0-top0-jump1-jump2-speedup2-volume,0.833333333333,1.03372712457,12
opentop1-opentop2-notyz0-top0-jump1-speedup2-minute-volume,0.846153846154,1.03764204766,13
opentop1-opentop2-notyz0-top0-jump2-speedup2-minute-volume,0.833333333333,1.03372712457,12
opentop1-opentop2-notyz0-top1-jump1-jump2-speedup2-minute,0.833333333333,1.03372712457,12
opentop1-opentop2-notyz0-top1-jump1-jump2-speedup2-volume,0.833333333333,1.03372712457,12
opentop1-opentop2-notyz0-top1-jump1-speedup2-minute-volume,0.846153846154,1.03764204766,13
opentop1-opentop2-notyz0-top1-jump2-speedup2-minute-volume,0.833333333333,1.03372712457,12
opentop1-opentop2-notyz0-jump1-jump2-speedup2-minute-volume,0.833333333333,1.03372712457,12
opentop1-opentop2-notyz1-top0-top1-jump1-speedup2-minute,0.8125,1.02238808486,16
opentop1-opentop2-notyz1-top0-top1-jump1-speedup2-volume,0.8125,1.02238808486,16
opentop1-opentop2-notyz1-top0-top1-speedup2-minute-volume,0.8125,1.02238808486,16
opentop1-opentop2-notyz1-top0-jump1-speedup2-minute-volume,0.8125,1.02238808486,16
opentop1-opentop2-notyz1-top1-jump1-speedup2-minute-volume,0.8125,1.02238808486,16
opentop1-opentop2-top0-top1-jump1-speedup2-minute-volume,0.8125,1.02238808486,16
opentop1-notyz0-notyz1-top0-top1-jump1-jump2-foot2,0.7,1.0316015686,10
opentop1-notyz0-notyz1-top0-top1-jump1-jump2-speedup2,0.666666666667,1.02153120857,24
opentop1-notyz0-notyz1-top0-top1-jump1-jump2-minute,0.666666666667,1.02058395177,15
opentop1-notyz0-notyz1-top0-top1-jump1-foot2-minute,0.692307692308,1.02400823974,13
opentop1-notyz0-notyz1-top0-top1-jump1-foot2-volume,0.727272727273,1.0255875429,11
opentop1-notyz0-notyz1-top0-top1-jump1-speedup1-speedup2,0.666666666667,1.02533114842,15
opentop1-notyz0-notyz1-top0-top1-jump1-speedup2-minute,0.68,1.0236471042,25
opentop1-notyz0-notyz1-top0-top1-jump1-speedup2-volume,0.68,1.0236471042,25
opentop1-notyz0-notyz1-top0-top1-jump2-foot2-minute,0.75,1.03903158916,12
opentop1-notyz0-notyz1-top0-top1-jump2-foot2-volume,0.8,1.04377349253,10
opentop1-notyz0-notyz1-top0-top1-jump2-speedup1-speedup2,0.666666666667,1.02059577243,15
opentop1-notyz0-notyz1-top0-top1-jump2-speedup2-minute,0.703703703704,1.02663173688,27
opentop1-notyz0-notyz1-top0-top1-jump2-speedup2-volume,0.714285714286,1.02661477991,28
opentop1-notyz0-notyz1-top0-top1-foot2-minute-volume,0.769230769231,1.03337125815,13
opentop1-notyz0-notyz1-top0-top1-speedup1-speedup2-minute,0.6875,1.02686948328,16
opentop1-notyz0-notyz1-top0-top1-speedup1-speedup2-volume,0.6875,1.02686948328,16
opentop1-notyz0-notyz1-top0-top1-speedup2-minute-volume,0.724137931034,1.02889766711,29
opentop1-notyz0-notyz1-top0-nottop1-foot2-speedup2-minute,0.6875,1.02539137433,32
opentop1-notyz0-notyz1-top0-jump1-jump2-foot2-minute,0.7,1.0316015686,10
opentop1-notyz0-notyz1-top0-jump1-jump2-speedup1-speedup2,0.642857142857,1.02182418764,14
opentop1-notyz0-notyz1-top0-jump1-jump2-speedup2-minute,0.666666666667,1.02153120857,24
opentop1-notyz0-notyz1-top0-jump1-jump2-speedup2-volume,0.666666666667,1.02153120857,24
opentop1-notyz0-notyz1-top0-jump1-foot2-minute-volume,0.727272727273,1.0255875429,11
opentop1-notyz0-notyz1-top0-jump1-speedup1-speedup2-minute,0.666666666667,1.02533114842,15
opentop1-notyz0-notyz1-top0-jump1-speedup1-speedup2-volume,0.666666666667,1.02533114842,15
opentop1-notyz0-notyz1-top0-jump1-speedup2-minute-volume,0.68,1.0236471042,25
opentop1-notyz0-notyz1-top0-jump2-foot0-speedup1-speedup2,0.615384615385,1.03498328672,13
opentop1-notyz0-notyz1-top0-jump2-foot2-minute-volume,0.8,1.04377349253,10
opentop1-notyz0-notyz1-top0-jump2-speedup1-speedup2-minute,0.666666666667,1.02059577243,15
opentop1-notyz0-notyz1-top0-jump2-speedup1-speedup2-volume,0.666666666667,1.02059577243,15
opentop1-notyz0-notyz1-top0-jump2-speedup2-minute-volume,0.703703703704,1.02663173688,27
opentop1-notyz0-notyz1-top0-foot0-speedup1-speedup2-minute,0.615384615385,1.03498328672,13
opentop1-notyz0-notyz1-top0-foot0-speedup2-minute-volume,0.636363636364,1.02037425556,11
opentop1-notyz0-notyz1-top0-foot2-speedup2-minute-volume,0.666666666667,1.0210036208,30
opentop1-notyz0-notyz1-top0-speedup1-speedup2-minute-volume,0.6875,1.02686948328,16
opentop1-notyz0-notyz1-top1-nottop0-jump1-jump2-speedup2,0.608695652174,1.020265594,23
opentop1-notyz0-notyz1-top1-nottop0-jump1-speedup2-minute,0.619047619048,1.02176745407,21
opentop1-notyz0-notyz1-top1-nottop0-jump2-speedup2-volume,0.666666666667,1.02558188014,36
opentop1-notyz0-notyz1-top1-nottop0-speedup2-minute-volume,0.666666666667,1.02211089203,36
opentop1-notyz0-notyz1-top1-jump1-jump2-foot2-minute,0.7,1.0316015686,10
opentop1-notyz0-notyz1-top1-jump1-jump2-speedup1-speedup2,0.642857142857,1.02182418764,14
opentop1-notyz0-notyz1-top1-jump1-jump2-speedup2-minute,0.666666666667,1.02153120857,24
opentop1-notyz0-notyz1-top1-jump1-jump2-speedup2-volume,0.666666666667,1.02153120857,24
opentop1-notyz0-notyz1-top1-jump1-foot2-minute-volume,0.727272727273,1.0255875429,11
opentop1-notyz0-notyz1-top1-jump1-speedup1-speedup2-minute,0.666666666667,1.02533114842,15
opentop1-notyz0-notyz1-top1-jump1-speedup1-speedup2-volume,0.666666666667,1.02533114842,15
opentop1-notyz0-notyz1-top1-jump1-speedup2-minute-volume,0.68,1.0236471042,25
opentop1-notyz0-notyz1-top1-jump2-foot2-minute-volume,0.8,1.04377349253,10
opentop1-notyz0-notyz1-top1-jump2-speedup1-speedup2-minute,0.666666666667,1.02059577243,15
opentop1-notyz0-notyz1-top1-jump2-speedup1-speedup2-volume,0.666666666667,1.02059577243,15
opentop1-notyz0-notyz1-top1-jump2-speedup2-minute-volume,0.703703703704,1.02663173688,27
opentop1-notyz0-notyz1-top1-speedup1-speedup2-minute-volume,0.6875,1.02686948328,16
opentop1-notyz0-notyz1-nottop0-jump1-jump2-speedup2-minute,0.619047619048,1.02176745407,21
opentop1-notyz0-notyz1-nottop0-jump1-speedup2-minute-volume,0.619047619048,1.02176745407,21
opentop1-notyz0-notyz1-nottop0-jump2-speedup2-minute-volume,0.685714285714,1.02527658583,35
opentop1-notyz0-notyz1-jump1-jump2-speedup1-speedup2-minute,0.642857142857,1.02182418764,14
opentop1-notyz0-notyz1-jump1-jump2-speedup1-speedup2-volume,0.642857142857,1.02182418764,14
opentop1-notyz0-notyz1-jump1-jump2-speedup2-minute-volume,0.666666666667,1.02153120857,24
opentop1-notyz0-notyz1-jump1-speedup1-speedup2-minute-volume,0.666666666667,1.02533114842,15
opentop1-notyz0-notyz1-jump2-foot0-speedup1-speedup2-minute,0.615384615385,1.03498328672,13
opentop1-notyz0-notyz1-jump2-speedup1-speedup2-minute-volume,0.666666666667,1.02059577243,15
opentop1-notyz0-top0-top1-jump1-jump2-speedup1-speedup2,0.642857142857,1.02182418764,14
opentop1-notyz0-top0-top1-jump1-jump2-speedup2-minute,0.666666666667,1.02153120857,24
opentop1-notyz0-top0-top1-jump1-jump2-speedup2-volume,0.666666666667,1.02153120857,24
opentop1-notyz0-top0-top1-jump1-speedup1-speedup2-minute,0.666666666667,1.02533114842,15
opentop1-notyz0-top0-top1-jump1-speedup1-speedup2-volume,0.666666666667,1.02533114842,15
opentop1-notyz0-top0-top1-jump1-speedup2-minute-volume,0.68,1.0236471042,25
opentop1-notyz0-top0-top1-jump2-speedup1-speedup2-minute,0.666666666667,1.02059577243,15
opentop1-notyz0-top0-top1-jump2-speedup1-speedup2-volume,0.666666666667,1.02059577243,15
opentop1-notyz0-top0-top1-jump2-speedup2-minute-volume,0.703703703704,1.02663173688,27
opentop1-notyz0-top0-top1-speedup1-speedup2-minute-volume,0.6875,1.02686948328,16
opentop1-notyz0-top0-nottop1-foot2-speedup2-minute-volume,0.666666666667,1.0210036208,30
opentop1-notyz0-top0-jump1-jump2-speedup1-speedup2-minute,0.642857142857,1.02182418764,14
opentop1-notyz0-top0-jump1-jump2-speedup1-speedup2-volume,0.642857142857,1.02182418764,14
opentop1-notyz0-top0-jump1-jump2-speedup2-minute-volume,0.666666666667,1.02153120857,24
opentop1-notyz0-top0-jump1-speedup1-speedup2-minute-volume,0.666666666667,1.02533114842,15
opentop1-notyz0-top0-jump2-foot0-speedup1-speedup2-minute,0.615384615385,1.03498328672,13
opentop1-notyz0-top0-jump2-speedup1-speedup2-minute-volume,0.666666666667,1.02059577243,15
opentop1-notyz0-top1-nottop0-jump1-jump2-speedup2-minute,0.619047619048,1.02176745407,21
opentop1-notyz0-top1-nottop0-jump1-speedup2-minute-volume,0.619047619048,1.02176745407,21
opentop1-notyz0-top1-nottop0-jump2-speedup2-minute-volume,0.685714285714,1.02527658583,35
opentop1-notyz0-top1-jump1-jump2-speedup1-speedup2-minute,0.642857142857,1.02182418764,14
opentop1-notyz0-top1-jump1-jump2-speedup1-speedup2-volume,0.642857142857,1.02182418764,14
opentop1-notyz0-top1-jump1-jump2-speedup2-minute-volume,0.666666666667,1.02153120857,24
opentop1-notyz0-top1-jump1-speedup1-speedup2-minute-volume,0.666666666667,1.02533114842,15
opentop1-notyz0-top1-jump2-speedup1-speedup2-minute-volume,0.666666666667,1.02059577243,15
opentop1-notyz0-nottop0-jump1-jump2-speedup2-minute-volume,0.619047619048,1.02176745407,21
opentop1-notyz0-jump1-jump2-speedup1-speedup2-minute-volume,0.642857142857,1.02182418764,14
opentop1-notyz1-yz0-top0-top1-jump1-jump2-foot0,0.736842105263,1.02263584318,38
opentop1-notyz1-yz0-top0-top1-jump1-jump2-foot2,0.785714285714,1.02596275853,14
opentop1-notyz1-yz0-top0-top1-jump1-jump2-speedup2,0.8,1.02223045638,10
opentop1-notyz1-yz0-top0-top1-jump1-jump2-minute,0.777777777778,1.02616630632,36
opentop1-notyz1-yz0-top0-top1-jump1-jump2-volume,0.666666666667,1.03293114962,12
opentop1-notyz1-yz0-top0-top1-jump1-foot0-foot2,0.764705882353,1.0215107312,17
opentop1-notyz1-yz0-top0-top1-jump1-foot0-speedup2,0.8,1.02223045638,10
opentop1-notyz1-yz0-top0-top1-jump1-foot0-minute,0.714285714286,1.02154254236,84
opentop1-notyz1-yz0-top0-top1-jump1-foot0-volume,0.714285714286,1.02957000343,21
opentop1-notyz1-yz0-top0-top1-jump1-foot2-minute,0.8125,1.02795931857,16
opentop1-notyz1-yz0-top0-top1-jump1-foot2-volume,0.846153846154,1.03733521255,13
opentop1-notyz1-yz0-top0-top1-jump1-speedup2-minute,0.8,1.02223045638,10
opentop1-notyz1-yz0-top0-top1-jump1-minute-volume,0.714285714286,1.02957000343,21
opentop1-notyz1-yz0-top0-top1-jump2-foot0-minute,0.756756756757,1.02133118067,37
opentop1-notyz1-yz0-top0-top1-jump2-foot0-volume,0.666666666667,1.03293114962,12
opentop1-notyz1-yz0-top0-top1-jump2-foot2-volume,0.833333333333,1.03586077501,12
opentop1-notyz1-yz0-top0-top1-jump2-minute-volume,0.666666666667,1.03293114962,12
opentop1-notyz1-yz0-top0-top1-foot0-foot2-volume,0.846153846154,1.03733521255,13
opentop1-notyz1-yz0-top0-top1-foot0-speedup2-volume,0.9,1.03442235001,10
opentop1-notyz1-yz0-top0-top1-foot0-minute-volume,0.708333333333,1.02265993429,24
opentop1-notyz1-yz0-top0-top1-foot2-minute-volume,0.846153846154,1.03733521255,13
opentop1-notyz1-yz0-top0-jump1-jump2-foot0-foot2,0.785714285714,1.02596275853,14
opentop1-notyz1-yz0-top0-jump1-jump2-foot0-speedup2,0.8,1.02223045638,10
opentop1-notyz1-yz0-top0-jump1-jump2-foot0-minute,0.777777777778,1.02616630632,36
opentop1-notyz1-yz0-top0-jump1-jump2-foot0-volume,0.666666666667,1.03293114962,12
opentop1-notyz1-yz0-top0-jump1-jump2-foot2-minute,0.785714285714,1.02596275853,14
opentop1-notyz1-yz0-top0-jump1-jump2-foot2-volume,0.833333333333,1.03586077501,12
opentop1-notyz1-yz0-top0-jump1-jump2-speedup2-minute,0.8,1.02223045638,10
opentop1-notyz1-yz0-top0-jump1-jump2-minute-volume,0.666666666667,1.03293114962,12
opentop1-notyz1-yz0-top0-jump1-foot0-foot2-minute,0.8125,1.02795931857,16
opentop1-notyz1-yz0-top0-jump1-foot0-foot2-volume,0.846153846154,1.03733521255,13
opentop1-notyz1-yz0-top0-jump1-foot0-speedup2-minute,0.8,1.02223045638,10
opentop1-notyz1-yz0-top0-jump1-foot0-minute-volume,0.714285714286,1.02957000343,21
opentop1-notyz1-yz0-top0-jump1-foot2-minute-volume,0.846153846154,1.03733521255,13
opentop1-notyz1-yz0-top0-jump2-foot0-foot2-volume,0.833333333333,1.03586077501,12
opentop1-notyz1-yz0-top0-jump2-foot0-minute-volume,0.666666666667,1.03293114962,12
opentop1-notyz1-yz0-top0-jump2-foot2-minute-volume,0.833333333333,1.03586077501,12
opentop1-notyz1-yz0-top0-foot0-foot2-minute-volume,0.846153846154,1.03733521255,13
opentop1-notyz1-yz0-top1-jump1-jump2-foot0-foot2,0.785714285714,1.02596275853,14
opentop1-notyz1-yz0-top1-jump1-jump2-foot0-speedup2,0.8,1.02223045638,10
opentop1-notyz1-yz0-top1-jump1-jump2-foot0-minute,0.777777777778,1.02616630632,36
opentop1-notyz1-yz0-top1-jump1-jump2-foot0-volume,0.666666666667,1.03293114962,12
opentop1-notyz1-yz0-top1-jump1-jump2-foot2-minute,0.785714285714,1.02596275853,14
opentop1-notyz1-yz0-top1-jump1-jump2-foot2-volume,0.833333333333,1.03586077501,12
opentop1-notyz1-yz0-top1-jump1-jump2-speedup2-minute,0.8,1.02223045638,10
opentop1-notyz1-yz0-top1-jump1-jump2-minute-volume,0.666666666667,1.03293114962,12
opentop1-notyz1-yz0-top1-jump1-foot0-foot2-minute,0.8125,1.02795931857,16
opentop1-notyz1-yz0-top1-jump1-foot0-foot2-volume,0.846153846154,1.03733521255,13
opentop1-notyz1-yz0-top1-jump1-foot0-speedup2-minute,0.8,1.02223045638,10
opentop1-notyz1-yz0-top1-jump1-foot0-minute-volume,0.714285714286,1.02957000343,21
opentop1-notyz1-yz0-top1-jump1-foot2-minute-volume,0.846153846154,1.03733521255,13
opentop1-notyz1-yz0-top1-jump2-foot0-foot2-volume,0.833333333333,1.03586077501,12
opentop1-notyz1-yz0-top1-jump2-foot0-minute-volume,0.666666666667,1.03293114962,12
opentop1-notyz1-yz0-top1-jump2-foot2-minute-volume,0.833333333333,1.03586077501,12
opentop1-notyz1-yz0-top1-foot0-foot2-minute-volume,0.846153846154,1.03733521255,13
opentop1-notyz1-yz0-jump1-jump2-foot0-foot2-minute,0.785714285714,1.02596275853,14
opentop1-notyz1-yz0-jump1-jump2-foot0-foot2-volume,0.833333333333,1.03586077501,12
opentop1-notyz1-yz0-jump1-jump2-foot0-speedup2-minute,0.8,1.02223045638,10
opentop1-notyz1-yz0-jump1-jump2-foot0-minute-volume,0.666666666667,1.03293114962,12
opentop1-notyz1-yz0-jump1-jump2-foot2-minute-volume,0.833333333333,1.03586077501,12
opentop1-notyz1-yz0-jump1-foot0-foot2-minute-volume,0.846153846154,1.03733521255,13
opentop1-notyz1-yz0-jump2-foot0-foot2-minute-volume,0.833333333333,1.03586077501,12
opentop1-notyz1-top0-top1-jump1-jump2-foot0-foot2,0.8125,1.02541234399,16
opentop1-notyz1-top0-top1-jump1-jump2-foot2-minute,0.75,1.02578237321,24
opentop1-notyz1-top0-top1-jump1-jump2-foot2-volume,0.8,1.03396734102,20
opentop1-notyz1-top0-top1-jump1-jump2-speedup1-speedup2,0.642857142857,1.02182418764,14
opentop1-notyz1-top0-top1-jump1-jump2-speedup2-minute,0.71875,1.02573513693,32
opentop1-notyz1-top0-top1-jump1-jump2-speedup2-volume,0.71875,1.02573513693,32
opentop1-notyz1-top0-top1-jump1-foot0-foot2-minute,0.842105263158,1.02757583078,19
opentop1-notyz1-top0-top1-jump1-foot0-foot2-volume,0.875,1.03512184068,16
opentop1-notyz1-top0-top1-jump1-foot2-minute-volume,0.791666666667,1.03043611309,24
opentop1-notyz1-top0-top1-jump1-speedup1-speedup2-minute,0.666666666667,1.02533114842,15
opentop1-notyz1-top0-top1-jump1-speedup1-speedup2-volume,0.666666666667,1.02533114842,15
opentop1-notyz1-top0-top1-jump1-speedup2-minute-volume,0.727272727273,1.0272106964,33
opentop1-notyz1-top0-top1-jump2-foot0-foot2-volume,0.857142857143,1.03381772747,14
opentop1-notyz1-top0-top1-jump2-foot2-minute-volume,0.818181818182,1.03835004082,22
opentop1-notyz1-top0-top1-jump2-speedup1-speedup2-minute,0.666666666667,1.02059577243,15
opentop1-notyz1-top0-top1-jump2-speedup1-speedup2-volume,0.666666666667,1.02059577243,15
opentop1-notyz1-top0-top1-jump2-speedup2-minute-volume,0.742857142857,1.02930949348,35
opentop1-notyz1-top0-top1-foot0-foot2-minute-volume,0.875,1.03512184068,16
opentop1-notyz1-top0-top1-speedup1-speedup2-minute-volume,0.6875,1.02686948328,16
opentop1-notyz1-top0-jump1-jump2-foot0-foot2-minute,0.8125,1.02541234399,16
opentop1-notyz1-top0-jump1-jump2-foot0-foot2-volume,0.857142857143,1.03381772747,14
opentop1-notyz1-top0-jump1-jump2-foot2-minute-volume,0.8,1.03396734102,20
opentop1-notyz1-top0-jump1-jump2-speedup1-speedup2-minute,0.642857142857,1.02182418764,14
opentop1-notyz1-top0-jump1-jump2-speedup1-speedup2-volume,0.642857142857,1.02182418764,14
opentop1-notyz1-top0-jump1-jump2-speedup2-minute-volume,0.71875,1.02573513693,32
opentop1-notyz1-top0-jump1-foot0-foot2-minute-volume,0.875,1.03512184068,16
opentop1-notyz1-top0-jump1-speedup1-speedup2-minute-volume,0.666666666667,1.02533114842,15
opentop1-notyz1-top0-jump2-foot0-foot2-minute-volume,0.857142857143,1.03381772747,14
opentop1-notyz1-top0-jump2-foot0-speedup1-speedup2-minute,0.615384615385,1.03498328672,13
opentop1-notyz1-top0-jump2-speedup1-speedup2-minute-volume,0.666666666667,1.02059577243,15
opentop1-notyz1-top1-nottop0-jump1-jump2-speedup2-minute,0.619047619048,1.02176745407,21
opentop1-notyz1-top1-nottop0-jump1-speedup2-minute-volume,0.619047619048,1.02176745407,21
opentop1-notyz1-top1-nottop0-jump2-speedup2-minute-volume,0.685714285714,1.02527658583,35
opentop1-notyz1-top1-jump1-jump2-foot0-foot2-minute,0.8125,1.02541234399,16
opentop1-notyz1-top1-jump1-jump2-foot0-foot2-volume,0.857142857143,1.03381772747,14
opentop1-notyz1-top1-jump1-jump2-foot2-minute-volume,0.8,1.03396734102,20
opentop1-notyz1-top1-jump1-jump2-speedup1-speedup2-minute,0.642857142857,1.02182418764,14
opentop1-notyz1-top1-jump1-jump2-speedup1-speedup2-volume,0.642857142857,1.02182418764,14
opentop1-notyz1-top1-jump1-jump2-speedup2-minute-volume,0.71875,1.02573513693,32
opentop1-notyz1-top1-jump1-foot0-foot2-minute-volume,0.875,1.03512184068,16
opentop1-notyz1-top1-jump1-speedup1-speedup2-minute-volume,0.666666666667,1.02533114842,15
opentop1-notyz1-top1-jump2-foot0-foot2-minute-volume,0.857142857143,1.03381772747,14
opentop1-notyz1-top1-jump2-speedup1-speedup2-minute-volume,0.666666666667,1.02059577243,15
opentop1-notyz1-nottop0-jump1-jump2-speedup2-minute-volume,0.619047619048,1.02176745407,21
opentop1-notyz1-jump1-jump2-foot0-foot2-minute-volume,0.857142857143,1.03381772747,14
opentop1-notyz1-jump1-jump2-speedup1-speedup2-minute-volume,0.642857142857,1.02182418764,14
opentop1-yz0-top0-top1-jump1-jump2-foot0-speedup2,0.8,1.02223045638,10
opentop1-yz0-top0-top1-jump1-jump2-speedup2-minute,0.8,1.02223045638,10
opentop1-yz0-top0-top1-jump1-foot0-speedup2-minute,0.8,1.02223045638,10
opentop1-yz0-top0-jump1-jump2-foot0-speedup2-minute,0.8,1.02223045638,10
opentop1-yz0-top1-jump1-jump2-foot0-speedup2-minute,0.8,1.02223045638,10
opentop1-top0-top1-jump1-jump2-speedup1-speedup2-minute,0.642857142857,1.02182418764,14
opentop1-top0-top1-jump1-jump2-speedup1-speedup2-volume,0.642857142857,1.02182418764,14
opentop1-top0-top1-jump1-jump2-speedup2-minute-volume,0.71875,1.02573513693,32
opentop1-top0-top1-jump1-speedup1-speedup2-minute-volume,0.666666666667,1.02533114842,15
opentop1-top0-top1-jump2-speedup1-speedup2-minute-volume,0.666666666667,1.02059577243,15
opentop1-top0-jump1-jump2-speedup1-speedup2-minute-volume,0.642857142857,1.02182418764,14
opentop1-top1-nottop0-jump1-jump2-speedup2-minute-volume,0.619047619048,1.02176745407,21
opentop1-top1-jump1-jump2-speedup1-speedup2-minute-volume,0.642857142857,1.02182418764,14
opentop2-notyz0-notyz1-top1-jump1-foot0-foot1-speedup2,0.615384615385,1.02318261231,13
opentop2-notyz0-notyz1-top1-jump2-foot0-foot1-speedup2,0.666666666667,1.0215082906,15
opentop2-notyz0-notyz1-top1-foot0-foot1-speedup1-speedup2,0.615384615385,1.02318261231,13
opentop2-notyz0-notyz1-top1-foot0-foot1-speedup2-minute,0.666666666667,1.0215082906,15
opentop2-notyz0-notyz1-top1-foot0-foot1-speedup2-volume,0.666666666667,1.0215082906,15
opentop2-notyz0-notyz1-jump1-jump2-foot0-foot1-speedup2,0.615384615385,1.02318261231,13
opentop2-notyz0-notyz1-jump1-foot0-foot1-speedup2-minute,0.615384615385,1.02318261231,13
opentop2-notyz0-notyz1-jump1-foot0-foot1-speedup2-volume,0.615384615385,1.02318261231,13
opentop2-notyz0-notyz1-jump2-foot0-foot1-speedup1-speedup2,0.615384615385,1.02318261231,13
opentop2-notyz0-notyz1-jump2-foot0-foot1-speedup2-minute,0.666666666667,1.0215082906,15
opentop2-notyz0-notyz1-jump2-foot0-foot1-speedup2-volume,0.666666666667,1.0215082906,15
opentop2-notyz0-notyz1-foot0-foot1-speedup1-speedup2-minute,0.615384615385,1.02318261231,13
opentop2-notyz0-notyz1-foot0-foot1-speedup1-speedup2-volume,0.615384615385,1.02318261231,13
opentop2-notyz0-notyz1-foot0-foot1-speedup2-minute-volume,0.666666666667,1.0215082906,15
opentop2-notyz0-top1-jump1-jump2-foot0-foot1-speedup2,0.615384615385,1.02318261231,13
opentop2-notyz0-top1-jump1-foot0-foot1-speedup2-minute,0.615384615385,1.02318261231,13
opentop2-notyz0-top1-jump1-foot0-foot1-speedup2-volume,0.615384615385,1.02318261231,13
opentop2-notyz0-top1-jump2-foot0-foot1-speedup1-speedup2,0.615384615385,1.02318261231,13
opentop2-notyz0-top1-jump2-foot0-foot1-speedup2-minute,0.666666666667,1.0215082906,15
opentop2-notyz0-top1-jump2-foot0-foot1-speedup2-volume,0.666666666667,1.0215082906,15
opentop2-notyz0-top1-foot0-foot1-speedup1-speedup2-minute,0.615384615385,1.02318261231,13
opentop2-notyz0-top1-foot0-foot1-speedup1-speedup2-volume,0.615384615385,1.02318261231,13
opentop2-notyz0-top1-foot0-foot1-speedup2-minute-volume,0.666666666667,1.0215082906,15
opentop2-notyz0-jump1-jump2-foot0-foot1-speedup2-minute,0.615384615385,1.02318261231,13
opentop2-notyz0-jump1-jump2-foot0-foot1-speedup2-volume,0.615384615385,1.02318261231,13
opentop2-notyz0-jump1-foot0-foot1-speedup2-minute-volume,0.615384615385,1.02318261231,13
opentop2-notyz0-jump2-foot0-foot1-speedup1-speedup2-minute,0.615384615385,1.02318261231,13
opentop2-notyz0-jump2-foot0-foot1-speedup1-speedup2-volume,0.615384615385,1.02318261231,13
opentop2-notyz0-jump2-foot0-foot1-speedup2-minute-volume,0.666666666667,1.0215082906,15
opentop2-notyz0-foot0-foot1-speedup1-speedup2-minute-volume,0.615384615385,1.02318261231,13
opentop2-notyz1-yz0-top0-top1-jump1-foot0-minute,0.75,1.05892721254,12
opentop2-notyz1-yz0-top0-top1-jump1-foot0-volume,0.818181818182,1.0685596594,11
opentop2-notyz1-yz0-top0-top1-jump1-minute-volume,0.818181818182,1.0685596594,11
opentop2-notyz1-yz0-top0-top1-foot0-minute-volume,0.846153846154,1.06529437025,13
opentop2-notyz1-yz0-top0-jump1-foot0-minute-volume,0.818181818182,1.0685596594,11
opentop2-notyz1-yz0-top1-jump1-foot0-minute-volume,0.818181818182,1.0685596594,11
opentop2-notyz1-top1-jump1-jump2-foot0-foot1-speedup2,0.615384615385,1.02318261231,13
opentop2-notyz1-top1-jump1-foot0-foot1-speedup2-minute,0.615384615385,1.02318261231,13
opentop2-notyz1-top1-jump1-foot0-foot1-speedup2-volume,0.615384615385,1.02318261231,13
opentop2-notyz1-top1-jump2-foot0-foot1-speedup1-speedup2,0.615384615385,1.02318261231,13
opentop2-notyz1-top1-jump2-foot0-foot1-speedup2-minute,0.666666666667,1.0215082906,15
opentop2-notyz1-top1-jump2-foot0-foot1-speedup2-volume,0.666666666667,1.0215082906,15
opentop2-notyz1-top1-foot0-foot1-speedup1-speedup2-minute,0.615384615385,1.02318261231,13
opentop2-notyz1-top1-foot0-foot1-speedup1-speedup2-volume,0.615384615385,1.02318261231,13
opentop2-notyz1-top1-foot0-foot1-speedup2-minute-volume,0.666666666667,1.0215082906,15
opentop2-notyz1-jump1-jump2-foot0-foot1-speedup2-minute,0.615384615385,1.02318261231,13
opentop2-notyz1-jump1-jump2-foot0-foot1-speedup2-volume,0.615384615385,1.02318261231,13
opentop2-notyz1-jump1-foot0-foot1-speedup2-minute-volume,0.615384615385,1.02318261231,13
opentop2-notyz1-jump2-foot0-foot1-speedup1-speedup2-minute,0.615384615385,1.02318261231,13
opentop2-notyz1-jump2-foot0-foot1-speedup1-speedup2-volume,0.615384615385,1.02318261231,13
opentop2-notyz1-jump2-foot0-foot1-speedup2-minute-volume,0.666666666667,1.0215082906,15
opentop2-notyz1-foot0-foot1-speedup1-speedup2-minute-volume,0.615384615385,1.02318261231,13
opentop2-top1-jump1-jump2-foot0-foot1-speedup2-minute,0.615384615385,1.02318261231,13
opentop2-top1-jump1-jump2-foot0-foot1-speedup2-volume,0.615384615385,1.02318261231,13
opentop2-top1-jump1-foot0-foot1-speedup2-minute-volume,0.615384615385,1.02318261231,13
opentop2-top1-jump2-foot0-foot1-speedup1-speedup2-minute,0.615384615385,1.02318261231,13
opentop2-top1-jump2-foot0-foot1-speedup1-speedup2-volume,0.615384615385,1.02318261231,13
opentop2-top1-jump2-foot0-foot1-speedup2-minute-volume,0.666666666667,1.0215082906,15
opentop2-top1-foot0-foot1-speedup1-speedup2-minute-volume,0.615384615385,1.02318261231,13
opentop2-jump1-jump2-foot0-foot1-speedup2-minute-volume,0.615384615385,1.02318261231,13
opentop2-jump2-foot0-foot1-speedup1-speedup2-minute-volume,0.615384615385,1.02318261231,13
notyz0-notyz1-top0-top1-jump1-jump2-foot1-foot2,0.722222222222,1.02109589481,18
notyz0-notyz1-top0-top1-jump1-jump2-foot2-speedup1,0.75,1.03461088149,12
notyz0-notyz1-top0-top1-jump1-jump2-foot2-speedup2,0.642857142857,1.02231024305,14
notyz0-notyz1-top0-top1-jump1-jump2-foot2-minute,0.6875,1.02866580495,16
notyz0-notyz1-top0-top1-jump1-jump2-foot2-volume,0.6875,1.02866580495,16
notyz0-notyz1-top0-top1-jump1-foot1-foot2-speedup1,0.785714285714,1.02684765022,14
notyz0-notyz1-top0-top1-jump1-foot1-foot2-speedup2,0.75,1.02109799999,12
notyz0-notyz1-top0-top1-jump1-foot1-foot2-minute,0.722222222222,1.02109589481,18
notyz0-notyz1-top0-top1-jump1-foot1-foot2-volume,0.764705882353,1.02262948418,17
notyz0-notyz1-top0-top1-jump1-foot2-speedup1-speedup2,0.7,1.02690211014,10
notyz0-notyz1-top0-top1-jump1-foot2-speedup1-minute,0.75,1.03461088149,12
notyz0-notyz1-top0-top1-jump1-foot2-speedup1-volume,0.75,1.03461088149,12
notyz0-notyz1-top0-top1-jump1-foot2-speedup2-minute,0.642857142857,1.02231024305,14
notyz0-notyz1-top0-top1-jump1-foot2-speedup2-volume,0.642857142857,1.02231024305,14
notyz0-notyz1-top0-top1-jump1-foot2-minute-volume,0.6875,1.02866580495,16
notyz0-notyz1-top0-top1-jump2-foot0-foot2-speedup2,0.8,1.02320455307,10
notyz0-notyz1-top0-top1-jump2-foot1-foot2-speedup1,0.785714285714,1.02684765022,14
notyz0-notyz1-top0-top1-jump2-foot2-speedup1-speedup2,0.7,1.02690211014,10
notyz0-notyz1-top0-top1-jump2-foot2-speedup1-minute,0.75,1.03461088149,12
notyz0-notyz1-top0-top1-jump2-foot2-speedup1-volume,0.75,1.03461088149,12
notyz0-notyz1-top0-top1-jump2-foot2-speedup2-minute,0.705882352941,1.02151349009,17
notyz0-notyz1-top0-top1-jump2-foot2-speedup2-volume,0.705882352941,1.02151349009,17
notyz0-notyz1-top0-top1-jump2-foot2-minute-volume,0.736842105263,1.02694941095,19
notyz0-notyz1-top0-top1-foot0-foot2-speedup2-minute,0.8,1.02320455307,10
notyz0-notyz1-top0-top1-foot0-foot2-speedup2-volume,0.8,1.02320455307,10
notyz0-notyz1-top0-top1-foot1-foot2-speedup1-minute,0.785714285714,1.02684765022,14
notyz0-notyz1-top0-top1-foot1-foot2-speedup1-volume,0.846153846154,1.02929555596,13
notyz0-notyz1-top0-top1-foot2-speedup1-speedup2-minute,0.7,1.02690211014,10
notyz0-notyz1-top0-top1-foot2-speedup1-speedup2-volume,0.7,1.02690211014,10
notyz0-notyz1-top0-top1-foot2-speedup1-minute-volume,0.769230769231,1.03545639874,13
notyz0-notyz1-top0-top1-foot2-speedup2-minute-volume,0.705882352941,1.02151349009,17
notyz0-notyz1-top0-jump1-jump2-foot1-foot2-speedup1,0.785714285714,1.02684765022,14
notyz0-notyz1-top0-jump1-jump2-foot1-foot2-speedup2,0.75,1.02109799999,12
notyz0-notyz1-top0-jump1-jump2-foot1-foot2-minute,0.722222222222,1.02109589481,18
notyz0-notyz1-top0-jump1-jump2-foot1-foot2-volume,0.764705882353,1.02262948418,17
notyz0-notyz1-top0-jump1-jump2-foot2-speedup1-speedup2,0.7,1.02690211014,10
notyz0-notyz1-top0-jump1-jump2-foot2-speedup1-minute,0.75,1.03461088149,12
notyz0-notyz1-top0-jump1-jump2-foot2-speedup1-volume,0.75,1.03461088149,12
notyz0-notyz1-top0-jump1-jump2-foot2-speedup2-minute,0.642857142857,1.02231024305,14
notyz0-notyz1-top0-jump1-jump2-foot2-speedup2-volume,0.642857142857,1.02231024305,14
notyz0-notyz1-top0-jump1-jump2-foot2-minute-volume,0.6875,1.02866580495,16
notyz0-notyz1-top0-jump1-foot1-foot2-speedup1-minute,0.785714285714,1.02684765022,14
notyz0-notyz1-top0-jump1-foot1-foot2-speedup1-volume,0.846153846154,1.02929555596,13
notyz0-notyz1-top0-jump1-foot1-foot2-speedup2-minute,0.75,1.02109799999,12
notyz0-notyz1-top0-jump1-foot1-foot2-speedup2-volume,0.75,1.02109799999,12
notyz0-notyz1-top0-jump1-foot1-foot2-minute-volume,0.764705882353,1.02262948418,17
notyz0-notyz1-top0-jump1-foot1-speedup1-minute-volume,0.666666666667,1.02034437108,15
notyz0-notyz1-top0-jump1-foot2-speedup1-speedup2-minute,0.7,1.02690211014,10
notyz0-notyz1-top0-jump1-foot2-speedup1-speedup2-volume,0.7,1.02690211014,10
notyz0-notyz1-top0-jump1-foot2-speedup1-minute-volume,0.75,1.03461088149,12
notyz0-notyz1-top0-jump1-foot2-speedup2-minute-volume,0.642857142857,1.02231024305,14
notyz0-notyz1-top0-jump2-foot0-foot2-speedup2-minute,0.8,1.02320455307,10
notyz0-notyz1-top0-jump2-foot0-foot2-speedup2-volume,0.8,1.02320455307,10
notyz0-notyz1-top0-jump2-foot1-foot2-speedup1-minute,0.785714285714,1.02684765022,14
notyz0-notyz1-top0-jump2-foot1-foot2-speedup1-volume,0.846153846154,1.02929555596,13
notyz0-notyz1-top0-jump2-foot2-speedup1-speedup2-minute,0.7,1.02690211014,10
notyz0-notyz1-top0-jump2-foot2-speedup1-speedup2-volume,0.7,1.02690211014,10
notyz0-notyz1-top0-jump2-foot2-speedup1-minute-volume,0.75,1.03461088149,12
notyz0-notyz1-top0-jump2-foot2-speedup2-minute-volume,0.705882352941,1.02151349009,17
notyz0-notyz1-top0-foot0-foot2-speedup2-minute-volume,0.8,1.02320455307,10
notyz0-notyz1-top0-foot1-foot2-speedup1-minute-volume,0.846153846154,1.02929555596,13
notyz0-notyz1-top0-foot2-speedup1-speedup2-minute-volume,0.7,1.02690211014,10
notyz0-notyz1-top1-jump1-jump2-foot1-foot2-speedup1,0.785714285714,1.02684765022,14
notyz0-notyz1-top1-jump1-jump2-foot1-foot2-speedup2,0.75,1.02109799999,12
notyz0-notyz1-top1-jump1-jump2-foot1-foot2-minute,0.722222222222,1.02109589481,18
notyz0-notyz1-top1-jump1-jump2-foot1-foot2-volume,0.764705882353,1.02262948418,17
notyz0-notyz1-top1-jump1-jump2-foot2-speedup1-speedup2,0.7,1.02690211014,10
notyz0-notyz1-top1-jump1-jump2-foot2-speedup1-minute,0.75,1.03461088149,12
notyz0-notyz1-top1-jump1-jump2-foot2-speedup1-volume,0.75,1.03461088149,12
notyz0-notyz1-top1-jump1-jump2-foot2-speedup2-minute,0.642857142857,1.02231024305,14
notyz0-notyz1-top1-jump1-jump2-foot2-speedup2-volume,0.642857142857,1.02231024305,14
notyz0-notyz1-top1-jump1-jump2-foot2-minute-volume,0.6875,1.02866580495,16
notyz0-notyz1-top1-jump1-foot1-foot2-speedup1-minute,0.785714285714,1.02684765022,14
notyz0-notyz1-top1-jump1-foot1-foot2-speedup1-volume,0.846153846154,1.02929555596,13
notyz0-notyz1-top1-jump1-foot1-foot2-speedup2-minute,0.75,1.02109799999,12
notyz0-notyz1-top1-jump1-foot1-foot2-speedup2-volume,0.75,1.02109799999,12
notyz0-notyz1-top1-jump1-foot1-foot2-minute-volume,0.764705882353,1.02262948418,17
notyz0-notyz1-top1-jump1-foot2-speedup1-speedup2-minute,0.7,1.02690211014,10
notyz0-notyz1-top1-jump1-foot2-speedup1-speedup2-volume,0.7,1.02690211014,10
notyz0-notyz1-top1-jump1-foot2-speedup1-minute-volume,0.75,1.03461088149,12
notyz0-notyz1-top1-jump1-foot2-speedup2-minute-volume,0.642857142857,1.02231024305,14
notyz0-notyz1-top1-jump2-foot0-foot2-speedup2-minute,0.8,1.02320455307,10
notyz0-notyz1-top1-jump2-foot0-foot2-speedup2-volume,0.8,1.02320455307,10
notyz0-notyz1-top1-jump2-foot1-foot2-speedup1-minute,0.785714285714,1.02684765022,14
notyz0-notyz1-top1-jump2-foot1-foot2-speedup1-volume,0.846153846154,1.02929555596,13
notyz0-notyz1-top1-jump2-foot2-speedup1-speedup2-minute,0.7,1.02690211014,10
notyz0-notyz1-top1-jump2-foot2-speedup1-speedup2-volume,0.7,1.02690211014,10
notyz0-notyz1-top1-jump2-foot2-speedup1-minute-volume,0.75,1.03461088149,12
notyz0-notyz1-top1-jump2-foot2-speedup2-minute-volume,0.705882352941,1.02151349009,17
notyz0-notyz1-top1-foot0-foot2-speedup2-minute-volume,0.8,1.02320455307,10
notyz0-notyz1-top1-foot1-foot2-speedup1-minute-volume,0.846153846154,1.02929555596,13
notyz0-notyz1-top1-foot2-speedup1-speedup2-minute-volume,0.7,1.02690211014,10
notyz0-notyz1-nottop0-jump2-foot1-speedup1-minute-volume,0.636363636364,1.02567434446,11
notyz0-notyz1-nottop0-foot0-foot1-foot2-minute-volume,0.647058823529,1.02804192133,17
notyz0-notyz1-nottop0-foot1-speedup1-speedup2-minute-volume,0.7,1.02923712065,10
notyz0-notyz1-nottop0-foot2-speedup1-speedup2-minute-volume,0.722222222222,1.02049612586,18
notyz0-notyz1-jump1-jump2-foot1-foot2-speedup1-minute,0.785714285714,1.02684765022,14
notyz0-notyz1-jump1-jump2-foot1-foot2-speedup1-volume,0.846153846154,1.02929555596,13
notyz0-notyz1-jump1-jump2-foot1-foot2-speedup2-minute,0.75,1.02109799999,12
notyz0-notyz1-jump1-jump2-foot1-foot2-speedup2-volume,0.75,1.02109799999,12
notyz0-notyz1-jump1-jump2-foot1-foot2-minute-volume,0.764705882353,1.02262948418,17
notyz0-notyz1-jump1-jump2-foot2-speedup1-speedup2-minute,0.7,1.02690211014,10
notyz0-notyz1-jump1-jump2-foot2-speedup1-speedup2-volume,0.7,1.02690211014,10
notyz0-notyz1-jump1-jump2-foot2-speedup1-minute-volume,0.75,1.03461088149,12
notyz0-notyz1-jump1-jump2-foot2-speedup2-minute-volume,0.642857142857,1.02231024305,14
notyz0-notyz1-jump1-foot1-foot2-speedup1-minute-volume,0.846153846154,1.02929555596,13
notyz0-notyz1-jump1-foot1-foot2-speedup2-minute-volume,0.75,1.02109799999,12
notyz0-notyz1-jump1-foot2-speedup1-speedup2-minute-volume,0.7,1.02690211014,10
notyz0-notyz1-jump2-foot0-foot2-speedup2-minute-volume,0.8,1.02320455307,10
notyz0-notyz1-jump2-foot1-foot2-speedup1-minute-volume,0.846153846154,1.02929555596,13
notyz0-notyz1-jump2-foot2-speedup1-speedup2-minute-volume,0.7,1.02690211014,10
notyz0-top0-top1-jump1-jump2-foot1-foot2-speedup2,0.75,1.02109799999,12
notyz0-top0-top1-jump1-jump2-foot2-speedup1-speedup2,0.7,1.02690211014,10
notyz0-top0-top1-jump1-jump2-foot2-speedup2-minute,0.642857142857,1.02231024305,14
notyz0-top0-top1-jump1-jump2-foot2-speedup2-volume,0.642857142857,1.02231024305,14
notyz0-top0-top1-jump1-foot1-foot2-speedup2-minute,0.75,1.02109799999,12
notyz0-top0-top1-jump1-foot1-foot2-speedup2-volume,0.75,1.02109799999,12
notyz0-top0-top1-jump1-foot2-speedup1-speedup2-minute,0.7,1.02690211014,10
notyz0-top0-top1-jump1-foot2-speedup1-speedup2-volume,0.7,1.02690211014,10
notyz0-top0-top1-jump1-foot2-speedup2-minute-volume,0.642857142857,1.02231024305,14
notyz0-top0-top1-jump2-foot0-foot2-speedup2-minute,0.8,1.02320455307,10
notyz0-top0-top1-jump2-foot0-foot2-speedup2-volume,0.8,1.02320455307,10
notyz0-top0-top1-jump2-foot2-speedup1-speedup2-minute,0.7,1.02690211014,10
notyz0-top0-top1-jump2-foot2-speedup1-speedup2-volume,0.7,1.02690211014,10
notyz0-top0-top1-jump2-foot2-speedup2-minute-volume,0.705882352941,1.02151349009,17
notyz0-top0-top1-foot0-foot2-speedup2-minute-volume,0.8,1.02320455307,10
notyz0-top0-top1-foot2-speedup1-speedup2-minute-volume,0.7,1.02690211014,10
notyz0-top0-jump1-jump2-foot1-foot2-speedup2-minute,0.75,1.02109799999,12
notyz0-top0-jump1-jump2-foot1-foot2-speedup2-volume,0.75,1.02109799999,12
notyz0-top0-jump1-jump2-foot2-speedup1-speedup2-minute,0.7,1.02690211014,10
notyz0-top0-jump1-jump2-foot2-speedup1-speedup2-volume,0.7,1.02690211014,10
notyz0-top0-jump1-jump2-foot2-speedup2-minute-volume,0.642857142857,1.02231024305,14
notyz0-top0-jump1-foot1-foot2-speedup2-minute-volume,0.75,1.02109799999,12
notyz0-top0-jump1-foot2-speedup1-speedup2-minute-volume,0.7,1.02690211014,10
notyz0-top0-jump2-foot0-foot2-speedup2-minute-volume,0.8,1.02320455307,10
notyz0-top0-jump2-foot2-speedup1-speedup2-minute-volume,0.7,1.02690211014,10
notyz0-top1-jump1-jump2-foot1-foot2-speedup2-minute,0.75,1.02109799999,12
notyz0-top1-jump1-jump2-foot1-foot2-speedup2-volume,0.75,1.02109799999,12
notyz0-top1-jump1-jump2-foot2-speedup1-speedup2-minute,0.7,1.02690211014,10
notyz0-top1-jump1-jump2-foot2-speedup1-speedup2-volume,0.7,1.02690211014,10
notyz0-top1-jump1-jump2-foot2-speedup2-minute-volume,0.642857142857,1.02231024305,14
notyz0-top1-jump1-foot1-foot2-speedup2-minute-volume,0.75,1.02109799999,12
notyz0-top1-jump1-foot2-speedup1-speedup2-minute-volume,0.7,1.02690211014,10
notyz0-top1-jump2-foot0-foot2-speedup2-minute-volume,0.8,1.02320455307,10
notyz0-top1-jump2-foot2-speedup1-speedup2-minute-volume,0.7,1.02690211014,10
notyz0-jump1-jump2-foot1-foot2-speedup2-minute-volume,0.75,1.02109799999,12
notyz0-jump1-jump2-foot2-speedup1-speedup2-minute-volume,0.7,1.02690211014,10
notyz1-yz0-top0-top1-jump1-jump2-foot0-foot2,0.652173913043,1.03189509838,23
notyz1-yz0-top0-top1-jump1-jump2-foot0-speedup2,0.652173913043,1.03980486134,23
notyz1-yz0-top0-top1-jump1-jump2-foot0-minute,0.611111111111,1.02040263573,18
notyz1-yz0-top0-top1-jump1-jump2-foot0-volume,0.714285714286,1.04204281435,14
notyz1-yz0-top0-top1-jump1-jump2-foot2-minute,0.736842105263,1.04389476085,19
notyz1-yz0-top0-top1-jump1-jump2-foot2-volume,0.705882352941,1.02059238701,17
notyz1-yz0-top0-top1-jump1-jump2-speedup2-minute,0.681818181818,1.04331843836,22
notyz1-yz0-top0-top1-jump1-jump2-speedup2-volume,0.7,1.02272857659,20
notyz1-yz0-top0-top1-jump1-jump2-minute-volume,0.714285714286,1.04204281435,14
notyz1-yz0-top0-top1-jump1-foot0-foot2-minute,0.727272727273,1.04154800839,22
notyz1-yz0-top0-top1-jump1-foot0-foot2-volume,0.684210526316,1.02085028227,19
notyz1-yz0-top0-top1-jump1-foot0-speedup2-minute,0.681818181818,1.04331843836,22
notyz1-yz0-top0-top1-jump1-foot0-speedup2-volume,0.714285714286,1.02404233665,21
notyz1-yz0-top0-top1-jump1-foot0-minute-volume,0.72,1.0308307461,25
notyz1-yz0-top0-top1-jump1-foot2-minute-volume,0.684210526316,1.02085028227,19
notyz1-yz0-top0-top1-jump1-speedup2-minute-volume,0.714285714286,1.02404233665,21
notyz1-yz0-top0-top1-jump2-foot0-foot2-speedup2,0.7,1.04866858309,10
notyz1-yz0-top0-top1-jump2-foot0-foot2-minute,0.736842105263,1.04490031943,19
notyz1-yz0-top0-top1-jump2-foot0-foot2-volume,0.736842105263,1.02323343588,19
notyz1-yz0-top0-top1-jump2-foot0-speedup2-minute,0.740740740741,1.02058998567,27
notyz1-yz0-top0-top1-jump2-foot0-speedup2-volume,0.769230769231,1.02725626753,26
notyz1-yz0-top0-top1-jump2-foot0-minute-volume,0.6875,1.0335128182,16
notyz1-yz0-top0-top1-jump2-foot2-minute-volume,0.736842105263,1.02323343588,19
notyz1-yz0-top0-top1-jump2-speedup2-minute-volume,0.769230769231,1.02725626753,26
notyz1-yz0-top0-top1-foot0-foot2-minute-volume,0.714285714286,1.02321524122,21
notyz1-yz0-top0-top1-foot0-speedup2-minute-volume,0.733333333333,1.02451221595,30
notyz1-yz0-top0-jump1-jump2-foot0-foot2-minute,0.736842105263,1.04389476085,19
notyz1-yz0-top0-jump1-jump2-foot0-foot2-volume,0.705882352941,1.02059238701,17
notyz1-yz0-top0-jump1-jump2-foot0-speedup2-minute,0.681818181818,1.04331843836,22
notyz1-yz0-top0-jump1-jump2-foot0-speedup2-volume,0.7,1.02272857659,20
notyz1-yz0-top0-jump1-jump2-foot0-minute-volume,0.714285714286,1.04204281435,14
notyz1-yz0-top0-jump1-jump2-foot2-minute-volume,0.705882352941,1.02059238701,17
notyz1-yz0-top0-jump1-jump2-speedup2-minute-volume,0.7,1.02272857659,20
notyz1-yz0-top0-jump1-foot0-foot2-minute-volume,0.684210526316,1.02085028227,19
notyz1-yz0-top0-jump1-foot0-speedup2-minute-volume,0.714285714286,1.02404233665,21
notyz1-yz0-top0-jump2-foot0-foot2-minute-volume,0.736842105263,1.02323343588,19
notyz1-yz0-top0-jump2-foot0-speedup2-minute-volume,0.769230769231,1.02725626753,26
notyz1-yz0-top1-jump1-jump2-foot0-foot2-minute,0.736842105263,1.04389476085,19
notyz1-yz0-top1-jump1-jump2-foot0-foot2-volume,0.705882352941,1.02059238701,17
notyz1-yz0-top1-jump1-jump2-foot0-speedup2-minute,0.681818181818,1.04331843836,22
notyz1-yz0-top1-jump1-jump2-foot0-speedup2-volume,0.7,1.02272857659,20
notyz1-yz0-top1-jump1-jump2-foot0-minute-volume,0.714285714286,1.04204281435,14
notyz1-yz0-top1-jump1-jump2-foot2-minute-volume,0.705882352941,1.02059238701,17
notyz1-yz0-top1-jump1-jump2-speedup2-minute-volume,0.7,1.02272857659,20
notyz1-yz0-top1-jump1-foot0-foot2-minute-volume,0.684210526316,1.02085028227,19
notyz1-yz0-top1-jump1-foot0-speedup2-minute-volume,0.714285714286,1.02404233665,21
notyz1-yz0-top1-jump2-foot0-foot2-minute-volume,0.736842105263,1.02323343588,19
notyz1-yz0-top1-jump2-foot0-speedup2-minute-volume,0.769230769231,1.02725626753,26
notyz1-yz0-jump1-jump2-foot0-foot2-minute-volume,0.705882352941,1.02059238701,17
notyz1-yz0-jump1-jump2-foot0-speedup2-minute-volume,0.7,1.02272857659,20
notyz1-top0-top1-jump1-jump2-foot0-minute-volume,0.722222222222,1.02849682003,18
notyz1-top0-top1-jump1-jump2-foot1-foot2-speedup1,0.785714285714,1.02684765022,14
notyz1-top0-top1-jump1-jump2-foot1-foot2-speedup2,0.75,1.02109799999,12
notyz1-top0-top1-jump1-jump2-foot1-foot2-minute,0.736842105263,1.02451923662,19
notyz1-top0-top1-jump1-jump2-foot1-foot2-volume,0.777777777778,1.02615781223,18
notyz1-top0-top1-jump1-jump2-foot2-speedup1-speedup2,0.7,1.02690211014,10
notyz1-top0-top1-jump1-jump2-foot2-speedup1-minute,0.75,1.03461088149,12
notyz1-top0-top1-jump1-jump2-foot2-speedup1-volume,0.75,1.03461088149,12
notyz1-top0-top1-jump1-jump2-foot2-minute-volume,0.608695652174,1.02069676117,23
notyz1-top0-top1-jump1-foot1-foot2-speedup1-minute,0.785714285714,1.02684765022,14
notyz1-top0-top1-jump1-foot1-foot2-speedup1-volume,0.846153846154,1.02929555596,13
notyz1-top0-top1-jump1-foot1-foot2-speedup2-minute,0.75,1.02109799999,12
notyz1-top0-top1-jump1-foot1-foot2-speedup2-volume,0.75,1.02109799999,12
notyz1-top0-top1-jump1-foot1-foot2-minute-volume,0.777777777778,1.02615781223,18
notyz1-top0-top1-jump1-foot2-speedup1-speedup2-minute,0.7,1.02690211014,10
notyz1-top0-top1-jump1-foot2-speedup1-speedup2-volume,0.7,1.02690211014,10
notyz1-top0-top1-jump1-foot2-speedup1-minute-volume,0.75,1.03461088149,12
notyz1-top0-top1-jump2-foot0-foot2-minute-volume,0.764705882353,1.02026927717,34
notyz1-top0-top1-jump2-foot1-foot2-speedup1-minute,0.785714285714,1.02684765022,14
notyz1-top0-top1-jump2-foot1-foot2-speedup1-volume,0.846153846154,1.02929555596,13
notyz1-top0-top1-jump2-foot1-foot2-minute-volume,0.75,1.02277859418,20
notyz1-top0-top1-jump2-foot2-speedup1-speedup2-minute,0.7,1.02690211014,10
notyz1-top0-top1-jump2-foot2-speedup1-speedup2-volume,0.7,1.02690211014,10
notyz1-top0-top1-jump2-foot2-speedup1-minute-volume,0.75,1.03461088149,12
notyz1-top0-top1-foot1-foot2-speedup1-minute-volume,0.846153846154,1.02929555596,13
notyz1-top0-top1-foot2-speedup1-speedup2-minute-volume,0.7,1.02690211014,10
notyz1-top0-jump1-jump2-foot1-foot2-speedup1-minute,0.785714285714,1.02684765022,14
notyz1-top0-jump1-jump2-foot1-foot2-speedup1-volume,0.846153846154,1.02929555596,13
notyz1-top0-jump1-jump2-foot1-foot2-speedup2-minute,0.75,1.02109799999,12
notyz1-top0-jump1-jump2-foot1-foot2-speedup2-volume,0.75,1.02109799999,12
notyz1-top0-jump1-jump2-foot1-foot2-minute-volume,0.777777777778,1.02615781223,18
notyz1-top0-jump1-jump2-foot2-speedup1-speedup2-minute,0.7,1.02690211014,10
notyz1-top0-jump1-jump2-foot2-speedup1-speedup2-volume,0.7,1.02690211014,10
notyz1-top0-jump1-jump2-foot2-speedup1-minute-volume,0.75,1.03461088149,12
notyz1-top0-jump1-foot1-foot2-speedup1-minute-volume,0.846153846154,1.02929555596,13
notyz1-top0-jump1-foot1-foot2-speedup2-minute-volume,0.75,1.02109799999,12
notyz1-top0-jump1-foot2-speedup1-speedup2-minute-volume,0.7,1.02690211014,10
notyz1-top0-jump2-foot1-foot2-speedup1-minute-volume,0.846153846154,1.02929555596,13
notyz1-top0-jump2-foot2-speedup1-speedup2-minute-volume,0.7,1.02690211014,10
notyz1-top1-jump1-jump2-foot1-foot2-speedup1-minute,0.785714285714,1.02684765022,14
notyz1-top1-jump1-jump2-foot1-foot2-speedup1-volume,0.846153846154,1.02929555596,13
notyz1-top1-jump1-jump2-foot1-foot2-speedup2-minute,0.75,1.02109799999,12
notyz1-top1-jump1-jump2-foot1-foot2-speedup2-volume,0.75,1.02109799999,12
notyz1-top1-jump1-jump2-foot1-foot2-minute-volume,0.777777777778,1.02615781223,18
notyz1-top1-jump1-jump2-foot2-speedup1-speedup2-minute,0.7,1.02690211014,10
notyz1-top1-jump1-jump2-foot2-speedup1-speedup2-volume,0.7,1.02690211014,10
notyz1-top1-jump1-jump2-foot2-speedup1-minute-volume,0.75,1.03461088149,12
notyz1-top1-jump1-foot1-foot2-speedup1-minute-volume,0.846153846154,1.02929555596,13
notyz1-top1-jump1-foot1-foot2-speedup2-minute-volume,0.75,1.02109799999,12
notyz1-top1-jump1-foot2-speedup1-speedup2-minute-volume,0.7,1.02690211014,10
notyz1-top1-jump2-foot1-foot2-speedup1-minute-volume,0.846153846154,1.02929555596,13
notyz1-top1-jump2-foot2-speedup1-speedup2-minute-volume,0.7,1.02690211014,10
notyz1-jump1-jump2-foot1-foot2-speedup1-minute-volume,0.846153846154,1.02929555596,13
notyz1-jump1-jump2-foot1-foot2-speedup2-minute-volume,0.75,1.02109799999,12
notyz1-jump1-jump2-foot2-speedup1-speedup2-minute-volume,0.7,1.02690211014,10
yz0-top0-top1-jump1-jump2-foot0-speedup2-minute,0.681818181818,1.04331843836,22
yz0-top0-top1-jump1-jump2-foot0-speedup2-volume,0.7,1.02272857659,20
yz0-top0-top1-jump1-jump2-speedup2-minute-volume,0.7,1.02272857659,20
yz0-top0-top1-jump1-foot0-speedup2-minute-volume,0.714285714286,1.02404233665,21
yz0-top0-top1-jump2-foot0-speedup2-minute-volume,0.769230769231,1.02725626753,26
yz0-top0-jump1-jump2-foot0-speedup2-minute-volume,0.7,1.02272857659,20
yz0-top1-jump1-jump2-foot0-speedup2-minute-volume,0.7,1.02272857659,20
top0-top1-jump1-jump2-foot1-foot2-speedup2-minute,0.75,1.02109799999,12
top0-top1-jump1-jump2-foot1-foot2-speedup2-volume,0.75,1.02109799999,12
top0-top1-jump1-jump2-foot2-speedup1-speedup2-minute,0.7,1.02690211014,10
top0-top1-jump1-jump2-foot2-speedup1-speedup2-volume,0.7,1.02690211014,10
top0-top1-jump1-foot1-foot2-speedup2-minute-volume,0.75,1.02109799999,12
top0-top1-jump1-foot2-speedup1-speedup2-minute-volume,0.7,1.02690211014,10
top0-top1-jump2-foot2-speedup1-speedup2-minute-volume,0.7,1.02690211014,10
top0-jump1-jump2-foot1-foot2-speedup2-minute-volume,0.75,1.02109799999,12
top0-jump1-jump2-foot2-speedup1-speedup2-minute-volume,0.7,1.02690211014,10
top1-jump1-jump2-foot1-foot2-speedup2-minute-volume,0.75,1.02109799999,12
top1-jump1-jump2-foot2-speedup1-speedup2-minute-volume,0.7,1.02690211014,10
